A00,,A00   Colera
A01,,A01   Febres tifoide e paratifoide
A02,,A02   Outr infecc p/Salmonella
A03,,A03   Shiguelose
A04,,A04   Outr infecc intestinais bacter
A05,,A05   Outr intox alimentares bacter
A06,,A06   Amebiase
A07,,A07   Outr doenc intestinais p/protozoarios
A08,,A08   Infecc intestinais virais outr e as NE
A09,,A09   Diarreia e gastroenterite orig infecc presum
A15,,A15   Tuberc respirat c/conf bacteriol e histolog
A16,,A16   Tuberc vias respirat s/conf bacter histol
A17,+,A17   Tuberc do sist nervoso
A18,,A18   Tuberc de outr orgaos
A19,,A19   Tuberc miliar
A20,,A20   Peste
A21,,A21   Tularemia
A22,,A22   Carbunculo
A23,,A23   Brucelose
A24,,A24   Mormo e melioidose
A25,,A25   Febres transm p/mordedura de rato
A26,,A26   Erisipeloide
A27,,A27   Leptospirose
A28,,A28   Outr doenc bacter zoonoticas NCOP
A30,,A30   Hanseniase
A31,,A31   Infecc dev outr micobacterias
A32,,A32   Listeriose
A33,,A33   Tetano do recem-nascido
A34,,A34   Tetano obstetrico
A35,,A35   Outr tipos de tetano
A36,,A36   Difteria
A37,,A37   Coqueluche
A38,,A38   Escarlatina
A39,,A39   Infecc meningogocica
A40,,A40   Septicemia estreptococica
A41,,A41   Outr septicemias
A42,,A42   Actinomicose
A43,,A43   Nocardiose
A44,,A44   Bartonelose
A46,,A46   Erisipela
A48,,A48   Outr doenc bacter NCOP
A49,,A49   Infecc bacter de local NE
A50,,A50   Sifilis congen
A51,,A51   Sifilis precoce
A52,,A52   Sifilis tard
A53,,A53   Outr form e as NE da sifilis
A54,,A54   Infecc gonococica
A55,,A55   Linfogranuloma p/clamidia
A56,,A56   Outr infecc p/clamidias transm p/via sexual
A57,,A57   Cancro mole
A58,,A58   Granuloma inguinal
A59,,A59   Tricomoniase
A60,,A60   Infecc anogenitais p/virus do herpes
A63,,A63   Outr doenc de transm predom sexual NCOP
A64,,A64   Doenc sexualmente transm NE
A65,,A65   Sifilis nao-venerea
A66,,A66   Bouba
A67,,A67   Pinta
A68,,A68   Febres recorrentes
A69,,A69   Outr infecc p/espiroquetas
A70,,A70   Infecc causadas p/Clamidia psittaci
A71,,A71   Tracoma
A74,,A74   Outr doenc causadas p/Clamidias
A75,,A75   Tifo exantematico
A77,,A77   Febre maculosa
A78,,A78   Febre Q
A79,,A79   Outr rickettsioses
A80,,A80   Poliomielite aguda
A81,,A81   Infecc p/virus atipico sist nervoso central
A82,,A82   Raiva
A83,,A83   Encefalite p/virus transm p/mosquitos
A84,,A84   Encefalite p/virus transm p/carrapatos
A85,,A85   Outr encefalites virais NCOP
A86,,A86   Encefalite viral NE
A87,,A87   Meningite viral
A88,,A88   Outr infecc virais sist nervoso central NCOP
A89,,A89   Infecc virais NE do sist nervoso central
A90,,A90   Dengue
A91,,A91   Febre hemorragica dev virus do dengue
A92,,A92   Outr febres virais transm p/mosquitos
A93,,A93   Outr febres p/virus transm p/artropodes NCOP
A94,,A94   Febre viral transm p/artropodes NE
A95,,A95   Febre amarela
A96,,A96   Febre hemorragica p/arenavirus
A98,,A98   Outr febres hemorragicas p/virus NCOP
A99,,A99   Febres hemorragicas virais NE
B00,,B00   Infecc p/virus do herpes
B01,,B01   Varicela
B02,,B02   Herpes zoster
B03,,B03   Variola
B04,,B04   Variola dos macacos
B05,,B05   Sarampo
B06,,B06   Rubeola
B07,,B07   Verrugas orig viral
B08,,B08   Outr inf virais lesoes pele membr muc NCOP
B09,,B09   Inf viral NE caract p/lesoes pele membr muco
B15,,B15   Hepatite aguda A
B16,,B16   Hepatite aguda B
B17,,B17   Outr hepatites virais agudas
B18,,B18   Hepatite viral cronica
B19,,B19   Hepatite viral NE
B20,,B20   Doenc p/HIV result doenc infecc e parasit
B21,,B21   Doenc p/HIV result em neopl malig
B22,,B22   Doenc p/HIV result em outr doenc espec
B23,,B23   Doenc p/HIV result em outr doenc
B24,,B24   Doenc p/HIV NE
B25,,B25   Doenc p/citomegalovirus
B26,,B26   Caxumba
B27,,B27   Mononucleose infecc
B30,,B30   Conjuntivite viral
B33,,B33   Outr doenc p/virus NCOP
B34,,B34   Doenc p/virus de localiz NE
B35,,B35   Dermatofitose
B36,,B36   Outr micoses superf
B37,,B37   Candidiase
B38,,B38   Coccidioidomicose
B39,,B39   Histoplasmose
B40,,B40   Blastomicose
B41,,B41   Paracoccidioidomicose
B42,,B42   Esporotricose
B43,,B43   Cromomicose e abscesso feomicotico
B44,,B44   Aspergilose
B45,,B45   Criptococose
B46,,B46   Zigomicose
B47,,B47   Micetoma
B48,,B48   Outr micoses NCOP
B49,,B49   Micose NE
B50,,B50   Malaria p/Plasmodium falciparum
B51,,B51   Malaria p/Plasmodium vivax
B52,,B52   Malaria p/Plasmodium malariae
B53,,B53   Outr form malaria conf p/exames parasitolog
B54,,B54   Malaria NE
B55,,B55   Leishmaniose
B56,,B56   Tripanossomiase africana
B57,,B57   Doenc de Chagas
B58,,B58   Toxoplasmose
B59,,B59   Pneumocistose
B60,,B60   Outr doenc dev protozoarios NCOP
B64,,B64   Doenc NE dev protozoarios
B65,,B65   Esquistossomose
B66,,B66   Outr infestacoes p/trematodeos
B67,,B67   Equinococose
B68,,B68   Infestacao p/Taenia
B69,,B69   Cisticercose
B70,,B70   Difilobotriase e esparganose
B71,,B71   Outr infestacoes p/cestoides
B72,,B72   Dracontiase
B73,,B73   Oncocercose
B74,,B74   Filariose
B75,,B75   Triquinose
B76,,B76   Ancilostomiase
B77,,B77   Ascaridiase
B78,,B78   Estrongiloidiase
B79,,B79   Tricuriase
B80,,B80   Oxiuriase
B81,,B81   Outr helmintiases intestinais NCOP
B82,,B82   Parasitose intestinal NE
B83,,B83   Outr helmintiases
B85,,B85   Pediculose e ftiriase
B86,,B86   Escabiose
B87,,B87   Miiase
B88,,B88   Outr infestacoes
B89,,B89   Doenc parasit NE
B90,,B90   Sequelas de tuberc
B91,,B91   Sequelas de poliomielite
B92,,B92   Sequelas de hanseniase
B94,,B94   Sequelas de outr doenc infecc e parasit e NE
B95,,B95   Estr/estafilococo causa doenc class outr cap
B96,,B96   Outr agent bacter causa doenc class outr cap
B97,,B97   Virus como doenc class outr cap
B99,,B99   Doenc infecc outr e as NE
C00,,C00   Neopl malig do labio
C01,,C01   Neopl malig da base da lingua
C02,,C02   Neopl malig outr partes e NE da lingua
C03,,C03   Neopl malig da gengiva
C04,,C04   Neopl malig do assoalho da boca
C05,,C05   Neopl malig do palato
C06,,C06   Neopl malig outr partes e partes NE da boca
C07,,C07   Neopl malig da gland parotida
C08,,C08   Neopl malig outr gland saliv maiores e NE
C09,,C09   Neopl malig da amigdala
C10,,C10   Neopl malig da orofaringe
C11,,C11   Neopl malig da nasofaringe
C12,,C12   Neopl malig do seio piriforme
C13,,C13   Neopl malig da hipofaringe
C14,,C14   Neop mal out loc mal def labio cav oral far
C15,,C15   Neopl malig do esofago
C16,,C16   Neopl malig do estomago
C17,,C17   Neopl malig do intestino delgado
C18,,C18   Neopl malig do colon
C19,,C19   Neopl malig da juncao retossigmoide
C20,,C20   Neopl malig do reto
C21,,C21   Neopl malig do anus e do canal anal
C22,,C22   Neopl malig figado vias biliares intra-hepat
C23,,C23   Neopl malig da vesicula biliar
C24,,C24   Neopl malig outr partes e NE vias biliares
C25,,C25   Neopl malig do pancreas
C26,,C26   Neopl malig outr mal def aparelho digestivo
C30,,C30   Neopl malig cavidade nasal e do ouvido medio
C31,,C31   Neopl malig dos seios da face
C32,,C32   Neopl malig da laringe
C33,,C33   Neopl malig da traqueia
C34,,C34   Neopl malig dos bronquios e dos pulmoes
C37,,C37   Neopl malig do timo
C38,,C38   Neopl malig do coracao mediastino e pleura
C39,,C39   Neop mal out loc mal def ap resp org intrat
C40,,C40   Neopl malig ossos/cartilag artic membros
C41,,C41   Neopl malig ossos/cartil artic outr loc e NE
C43,,C43   Melanoma malig da pele
C44,,C44   Outr neopl malig da pele
C45,,C45   Mesotelioma
C46,,C46   Sarcoma de Kaposi
C47,,C47   Neopl malig nervos perif e sist nerv autonom
C48,,C48   Neopl malig tec moles retro- e peritonio
C49,,C49   Neopl malig tec conjuntivo e outr tec moles
C50,,C50   Neopl malig da mama
C51,,C51   Neopl malig da vulva
C52,,C52   Neopl malig da vagina
C53,,C53   Neopl malig do colo do utero
C54,,C54   Neopl malig do corpo do utero
C55,,C55   Neopl malig do utero porcao NE
C56,,C56   Neopl malig do ovario
C57,,C57   Neopl malig outr org genitais femin e NE
C58,,C58   Neopl malig da placenta
C60,,C60   Neopl malig do penis
C61,,C61   Neopl malig da prostata
C62,,C62   Neopl malig dos testiculos
C63,,C63   Neopl malig outr org genit masc e NE
C64,,C64   Neopl malig do rim exceto pelve renal
C65,,C65   Neopl malig da pelve renal
C66,,C66   Neopl malig dos ureteres
C67,,C67   Neopl malig da bexiga
C68,,C68   Neopl malig de outr orgaos urinarios e NE
C69,,C69   Neopl malig do olho e anexos
C70,,C70   Neopl malig das meninges
C71,,C71   Neopl malig do encefalo
C72,,C72   Neop mal med esp nerv cran out sist nerv cen
C73,,C73   Neopl malig da gland tireoide
C74,,C74   Neopl malig da gland supra-renal
C75,,C75   Neopl malig outr gland endocrinas estr relac
C76,,C76   Neopl malig outr localiz e mal definidas
C77,,C77   Neopl malig secund e NE gangl linfaticos
C78,,C78   Neopl malig secund org respirat e digestivos
C79,,C79   Neopl malig secund de outr localiz
C80,,C80   Neopl malig s/especificacao de localiz
C81,,C81   Doenc de Hodgkin
C82,,C82   Linfoma nao-Hodgkin folicular
C83,,C83   Linfoma nao-Hodgkin difuso
C84,,C84   Linfomas de celulas T cutaneas e perifericas
C85,,C85   Linfoma nao-Hodgkin de outr tipos e tipo NE
C88,,C88   Doenc imunoproliferativas malignas
C90,,C90   Mieloma mult e neopl malig de plasmocitos
C91,,C91   Leucemia linfoide
C92,,C92   Leucemia mieloide
C93,,C93   Leucemia monocitica
C94,,C94   Outr leucemias de celulas de tipo espec
C95,,C95   Leucemia de tipo celular NE
C96,,C96   Outr neopl mal e NE tec linf hematop e corr
C97,,C97   Neopl malig de localiz mult independentes
D00,,D00   Carcinoma in situ cav oral esofago estomago
D01,,D01   Carcinoma in situ de outr orgaos digestivos
D02,,D02   Carcinoma in situ ouvido medio e ap respirat
D03,,D03   Melanoma in situ
D04,,D04   Carcinoma in situ da pele
D05,,D05   Carcinoma in situ da mama
D06,,D06   Carcinoma in situ do colo do utero
D07,,D07   Carcinoma in situ outr orgaos genitais e NE
D09,,D09   Carcinoma in situ de outr localiz e das NE
D10,,D10   Neopl benig da boca e da faringe
D11,,D11   Neopl benig de gland salivares maiores
D12,,D12   Neopl benig do colon reto canal anal e anus
D13,,D13   Neopl benig outr part e mal def ap digestivo
D14,,D14   Neopl benig ouvido medio e aparelho respirat
D15,,D15   Neopl benig outr orgaos intratoracicos e NE
D16,,D16   Neopl benig de osso e cartilagem articular
D17,,D17   Neopl lipomatosa benig
D18,,D18   Hemangioma e linfangioma de qualquer localiz
D19,,D19   Neopl benig de tec mesotelial
D20,,D20   Neopl benig tec mole retro- e peritonio
D21,,D21   Outr neopl benig tec conj e outr tec moles
D22,,D22   Nevos melanociticos
D23,,D23   Outr neopl benig da pele
D24,,D24   Neopl benig da mama
D25,,D25   Leiomioma do utero
D26,,D26   Outr neopl benig do utero
D27,,D27   Neopl benig do ovario
D28,,D28   Neopl benig outr org genitais femin e NE
D29,,D29   Neopl benig dos orgaos genitais masc
D30,,D30   Neopl benig dos orgaos urinarios
D31,,D31   Neopl benig do olho e anexos
D32,,D32   Neopl benig das meninges
D33,,D33   Neopl benig encef e out part sist nerv centr
D34,,D34   Neopl benig da gland tireoide
D35,,D35   Neopl benig de outr gland endocrinas e NE
D36,,D36   Neopl benig de outr localiz e de localiz NE
D37,,D37   Neopl comp incerto/desc cav oral e org dig
D38,,D38   Neopl comp inc/desc ouv med org resp intrat
D39,,D39   Neopl comp incerto/desconh org genitais fem
D40,,D40   Neopl comp incerto/desconh org genitais masc
D41,,D41   Neopl comp incerto/desconh orgaos urinarios
D42,,D42   Neopl comp incerto/desconhecido meninges
D43,,D43   Neopl comp inc/desc encefalo sist nerv centr
D44,,D44   Neopl comp incerto/desconh gland endocrinas
D45,,D45   Policitemia vera
D46,,D46   Sindr mielodisplasicas
D47,,D47   Out neop comp inc/des tec linf hemat tec cor
D48,,D48   Neopl comp inc/desconh outr localiz e NE
D50,,D50   Anemia p/defic de ferro
D51,,D51   Anemia p/defic de vitamina B12
D52,,D52   Anemia p/defic de folato
D53,,D53   Outr anemias nutricionais
D55,,D55   Anemia dev transt enzimaticos
D56,,D56   Talassemia
D57,,D57   Transt falciformes
D58,,D58   Outr anemias hemoliticas hereditarias
D59,,D59   Anemia hemolitica adquir
D60,,D60   Aplasia pura da serie vermelha adquir
D61,,D61   Outr anemias aplasticas
D62,,D62   Anemia aguda pos-hemorragica
D63,*,D63   Anemia em doenc cronicas COP
D64,,D64   Outr anemias
D65,,D65   Coagulacao intravascular disseminada
D66,,D66   Defic hereditaria do fator VIII
D67,,D67   Defic hereditaria do fator IX
D68,,D68   Outr defeitos da coagulacao
D69,,D69   Purpura e outr afeccoes hemorragicas
D70,,D70   Agranulocitose
D71,,D71   Transt func neutrofilos polimorfonucleares
D72,,D72   Outr transt dos globulos brancos
D73,,D73   Doenc do baco
D74,,D74   Metemoglobinemia
D75,,D75   Outr doenc sangue e orgaos hematopoeticos
D76,,D76   Alg doenc q env tec linforr e sist reticuloh
D77,*,D77   Outr transt sangue e org hematop doenc COP
D80,,D80   Imunodefic c/predom defeitos anticorpos
D81,,D81   Defic imunitarias combinadas
D82,,D82   Imunodeficiencia assoc c/outr defeitos major
D83,,D83   Imunodeficiencia comum variavel
D84,,D84   Outr imunodeficiencias
D86,,D86   Sarcoidose
D89,,D89   Outr transt q comprom mecanismo imunit NCOP
E00,,E00   Sindr de defic congen de iodo
E01,,E01   Transt tireoid e afecc assoc rel defic iodo
E02,,E02   Hipotireoidismo subclinico p/defic de iodo
E03,,E03   Outr hipotireoidismos
E04,,E04   Outr bocios nao-toxicos
E05,,E05   Tireotoxicose
E06,,E06   Tireoidite
E07,,E07   Outr transt da tireoide
E10,,E10   Diabetes mellitus insulino-dependente
E11,,E11   Diabetes mellitus nao-insulino-dependemte
E12,,E12   Diabetes mellitus relac c/a desnutr
E13,,E13   Outr tipos espec de diabetes mellitus
E14,,E14   Diabetes mellitus NE
E15,,E15   Coma hipoglicemico nao-diabetico
E16,,E16   Outr transt da secrecao pancreatica interna
E20,,E20   Hipoparatireoidismo
E21,,E21   Hiperparatireoid e out transt gland paratir
E22,,E22   Hiperfuncao da hipofise
E23,,E23   Hipofuncao e outr transt da hipofise
E24,,E24   Sindr de Cushing
E25,,E25   Transt adrenogenitais
E26,,E26   Hiperaldosteronismo
E27,,E27   Outr transt da gland supra-renal
E28,,E28   Disfuncao ovariana
E29,,E29   Disfuncao testicular
E30,,E30   Transt da puberdade NCOP
E31,,E31   Disfuncao poliglandular
E32,,E32   Doenc do timo
E34,,E34   Outr transt endocrinos
E35,*,E35   Transt das gland endocrinas em doenc COP
E40,,E40   Kwashiorkor
E41,,E41   Marasmo nutricional
E42,,E42   Kwashiorkor marasmatico
E43,,E43   Desnutric proteico-calorica grave NE
E44,,E44   Desnutric proteico-calorica grau moder leve
E45,,E45   Atraso desenv dev desnutric proteico-caloric
E46,,E46   Desnutric proteico-calorica NE
E50,,E50   Defic de vitamina A
E51,,E51   Defic de tiamina
E52,,E52   Defic de niacina
E53,,E53   Defic de outr vitaminas do grupo B
E54,,E54   Defic de acido ascorbico
E55,,E55   Defic de vitamina D
E56,,E56   Outr defic vitaminicas
E58,,E58   Defic de calcio da dieta
E59,,E59   Defic de selenio da dieta
E60,,E60   Defic de zinco da dieta
E61,,E61   Defic de outr elementos nutrientes
E63,,E63   Outr defic nutricionais
E64,,E64   Sequelas desnutric e outr defic nutricionais
E65,,E65   Adiposidade localizada
E66,,E66   Obesidade
E67,,E67   Outr form de hiperalimentacao
E68,,E68   Sequelas de hiperalimentacao
E70,,E70   Disturbios metabolism aminoacidos aromaticos
E71,,E71   Dist metab aminoacidos cad ramif e acid grax
E72,,E72   Outr disturbios metabolismo de aminoacidos
E73,,E73   Intolerancia a lactose
E74,,E74   Outr disturbios do metabolismo carboidratos
E75,,E75   Disturb metab esfingolip e outr depos lipid
E76,,E76   Disturbios metabolismo do glicosaminoglicano
E77,,E77   Disturbios do metabolismo de glicoproteinas
E78,,E78   Disturbios metab lipoproteinas e out lipidem
E79,,E79   Disturbios metabolismo purina e pirimidina
E80,,E80   Disturbios metab porfirina e bilirrubina
E83,,E83   Disturbios do metabolismo de minerais
E84,,E84   Fibrose cistica
E85,,E85   Amiloidose
E86,,E86   Deplecao de volume
E87,,E87   Outr transt equil hidroeletr e acido-basic
E88,,E88   Outr disturbios metabolicos
E89,,E89   Transt endocrinos e metab pos-proced NCOP
E90,*,E90   Transt nutricionais e metab em doenc COP
F00,*,F00   Demencia na doenc de Alzheimer
F01,,F01   Demencia vascular
F02,*,F02   Demencia em outr doenc COP
F03,,F03   Demencia NE
F04,,F04   Sindr amnes org n ind alcool out subst psic
F05,,F05   Delirium nao induz alcool outr subst psicoat
F06,,F06   Outr transt ment lesao disf cereb doenc fis
F07,,F07   Transt pers comport dev doen lesao disf cer
F09,,F09   Transt mental organico ou sintomatico NE
F10,,F10   Transt mentais comport dev uso alcool
F11,,F11   Transt mentais e comport dev uso de opiaceos
F12,,F12   Transt mentais comport dev uso canabinoides
F13,,F13   Transt mentais comport dev uso sedat hipnot
F14,,F14   Transt mentais e comport dev uso da cocaina
F15,,F15   Transt ment comp uso outr estim incl cafeina
F16,,F16   Transt mentais comport dev uso alucinogenos
F17,,F17   Transt mentais e comport dev uso de fumo
F18,,F18   Transt mentais comport dev uso solv volateis
F19,,F19   Transt ment comp mult drog out subst psicoat
F20,,F20   Esquizofrenia
F21,,F21   Transt esquizotipico
F22,,F22   Transt delirantes persistentes
F23,,F23   Transt psicoticos agudos e transitorios
F24,,F24   Transt delirante induz
F25,,F25   Transt esquizoafetivos
F28,,F28   Outr transt psicoticos nao-organicos
F29,,F29   Psicose nao-organica NE
F30,,F30   Episodio maniaco
F31,,F31   Transt afetivo bipolar
F32,,F32   Episodios depressivos
F33,,F33   Transt depressivo recorrente
F34,,F34   Transt de humor persistentes
F38,,F38   Outr transt do humor
F39,,F39   Transt do humor NE
F40,,F40   Transt fobico-ansiosos
F41,,F41   Outr transt ansiosos
F42,,F42   Transt obsessivo-compulsivo
F43,,F43   Reacoes ao stress grave e transt adaptacao
F44,,F44   Transt dissociativos
F45,,F45   Transt somatoformes
F48,,F48   Outr transt neuroticos
F50,,F50   Transt da alimentacao
F51,,F51   Transt nao-organicos sono dev fat emocionais
F52,,F52   Disfuncao sexual n caus p/transt doenc organ
F53,,F53   Transt mentais comport assoc puerperio NCOP
F54,,F54   Fat psicolog comport assoc doenc transt COP
F55,,F55   Abuso de subst que nao produzem dependencia
F59,,F59   Sindr comp ass trans func fisio fat fisic NE
F60,,F60   Transt especificos da personalidade
F61,,F61   Transt mistos personal outr transt personal
F62,,F62   Modif durad pers n atrib lesao doenc cerebr
F63,,F63   Transt dos habitos e dos impulsos
F64,,F64   Transt da identidade sexual
F65,,F65   Transt da preferencia sexual
F66,,F66   Transt psic comp assoc desenv sex e orient
F68,,F68   Outr transt personalidade e comport adulto
F69,,F69   Transt personalidade e comport adulto NE
F70,,F70   Retardo mental leve
F71,,F71   Retardo mental moderado
F72,,F72   Retardo mental grave
F73,,F73   Retardo mental profundo
F78,,F78   Outr retardo mental
F79,,F79   Retardo mental NE
F80,,F80   Transt especificos desenvolv fala linguagem
F81,,F81   Transt especif desenvolv habilidade escolar
F82,,F82   Transt especifico do desenvolv motor
F83,,F83   Transt especificos misto do desenvolv
F84,,F84   Transt globais do desenvolv
F88,,F88   Outr transt do desenvolv psicologico
F89,,F89   Transt do desenvolv psicologico NE
F90,,F90   Transt hipercineticos
F91,,F91   Disturbios de conduta
F92,,F92   Transt mistos de conduta e das emocoes
F93,,F93   Transt emocionais c/inicio especif infancia
F94,,F94   Transt func soc c/inicio infancia adolesc
F95,,F95   Tiques
F98,,F98   Outr transt comp emoc c/inicio inf adolesc
F99,,F99   Transt mental NE em outr parte
G00,,G00   Meningite bacter NCOP
G01,*,G01   Meningite em doenc bacter COP
G02,*,G02   Meningite em outr doenc infecc e parasit COP
G03,,G03   Meningite dev outr causas e a causas NE
G04,,G04   Encefalite mielite e encefalomielite
G05,*,G05   Encefalite mielite encefalomielite doenc COP
G06,,G06   Abscesso granuloma intracran intra-raquid
G07,*,G07   Abscess granul intracran intraspin doenc COP
G08,,G08   Flebite tromboflebite intracran intra-raquid
G09,,G09   Sequelas doenc inflam sist nerv centr
G10,,G10   Doenc de Huntington
G11,,G11   Ataxia hereditaria
G12,,G12   Atrofia muscular espinal e sindr correlatas
G13,*,G13   Atrof sist q afet sist nerv centr doen COP
G20,,G20   Doenc de Parkinson
G21,,G21   Parkinsonismo secund
G22,*,G22   Parkinsonismo em doenc COP
G23,,G23   Outr doenc degenerativas dos ganglios base
G24,,G24   Distonia
G25,,G25   Outr doenc extrapiramidais transt movimentos
G26,*,G26   Doenc extrapiramidais transt movim doenc COP
G30,,G30   Doenc de Alzheimer
G31,,G31   Outr doenc degenerativas sist nervoso NCOP
G32,*,G32   Outr transt degenerativ sist nerv doenc COP
G35,,G35   Esclerose mult
G36,,G36   Outr desmielinizacoes disseminadas agudas
G37,,G37   Outr doenc desmielinizantes sist nerv centr
G40,,G40   Epilepsia
G41,,G41   Estado de mal epileptico
G43,,G43   Enxaqueca
G44,,G44   Outr sindr de algias cefalicas
G45,,G45   Acid vasc cerebr isquemicos trans sindr corr
G46,*,G46   Sindr vasc cerebr q ocorr doenc cerebrovasc
G47,,G47   Disturbios do sono
G50,,G50   Transt do nervo trigemeo
G51,,G51   Transt do nervo facial
G52,,G52   Transt de outr nervos cranianos
G53,*,G53   Transt dos nervos cranianos em doenc COP
G54,,G54   Transt das raizes e dos plexos nervosos
G55,*,G55   Compressoes raizes plexos nervosos doenc COP
G56,,G56   Mononeuropatias dos membros super
G57,,G57   Mononeuropatias dos membros infer
G58,,G58   Outr mononeuropatias
G59,*,G59   Mononeuropatias em doenc COP
G60,,G60   Neuropatia hereditaria e idiopatica
G61,,G61   Polineuropatia inflam
G62,,G62   Outr polineuropatias
G63,*,G63   Polineuropatia em doenc COP
G64,,G64   Outr transt do sist nervoso periferico
G70,,G70   Miastenia gravis outr transt neuromusculares
G71,,G71   Transt prim dos musculos
G72,,G72   Outr miopatias
G73,*,G73   Transt juncao mioneural musculos doenc COP
G80,,G80   Paralisia cerebral infantil
G81,,G81   Hemiplegia
G82,,G82   Paraplegia e tetraplegia
G83,,G83   Outr sindr paraliticas
G90,,G90   Transt do sist nervoso autonomo
G91,,G91   Hidrocefalia
G92,,G92   Encefalopatia toxica
G93,,G93   Outr transt do encefalo
G94,*,G94   Outr transt do encefalo em doenc COP
G95,,G95   Outr doenc da medula espinal
G96,,G96   Outr transt do sist nervoso central
G97,,G97   Transt pos-proced do sist nervoso NCOP
G98,,G98   Outr transt do sist nervoso NCOP
G99,*,G99   Outr transt do sist nervoso em doenc COP
H00,,H00   Hordeolo e calazio
H01,,H01   Outr inflam da palpebra
H02,,H02   Outr transt da palpebra
H03,*,H03   Transt da palpebra em doenc COP
H04,,H04   Transt do aparelho lacrimal
H05,,H05   Transt da orbita
H06,*,H06   Transt aparelho lacrimal orbita em doenc COP
H10,,H10   Conjuntivite
H11,,H11   Outr transt da conjuntiva
H13,*,H13   Transt da conjuntiva em doenc COP
H15,,H15   Transt da esclerotica
H16,,H16   Ceratite
H17,,H17   Cicatrizes e opacidades da cornea
H18,,H18   Outr transt da cornea
H19,*,H19   Transt da esclerotica e da cornea doenc COP
H20,,H20   Iridociclite
H21,,H21   Outr transt da iris e do corpo ciliar
H22,*,H22   Transt da iris e do corpo ciliar doenc COP
H25,,H25   Catarata senil
H26,,H26   Outr cataratas
H27,,H27   Outr transt do cristalino
H28,*,H28   Catarata e outr transt cristalino doenc COP
H30,,H30   Inflam coriorretiniana
H31,,H31   Outr transt da coroide
H32,*,H32   Transt coriorretinianos em doenc COP
H33,,H33   Descolamentos e defeitos da retina
H34,,H34   Oclusoes vasculares da retina
H35,,H35   Outr transt da retina
H36,*,H36   Transt da retina em doenc COP
H40,,H40   Glaucoma
H42,*,H42   Glaucoma em doenc COP
H43,,H43   Transt do humor vitreo
H44,,H44   Transt do globo ocular
H45,*,H45   Transt humor vitreo e globo ocular doenc COP
H46,,H46   Neurite optica
H47,,H47   Outr transt do nervo optico e vias opticas
H48,*,H48   Transt nervo optico e vias opticas doenc COP
H49,,H49   Estrabismo paralitico
H50,,H50   Outr estrabismos
H51,,H51   Outr transt do movimento binocular
H52,,H52   Transt da refracao e da acomodacao
H53,,H53   Disturbios visuais
H54,,H54   Cegueira e visao subnormal
H55,,H55   Nistagmo e outr movimentos irregulares olho
H57,,H57   Outr transt do olho e anexos
H58,*,H58   Outr transt do olho e anexos em doenc COP
H59,,H59   Transt do olho e anexos pos-proced NCOP
H60,,H60   Otite externa
H61,,H61   Outr transt do ouvido externo
H62,*,H62   Transt do ouvido externo em doenc COP
H65,,H65   Otite media nao-supurativa
H66,,H66   Otite media supurativa e as NE
H67,*,H67   Otite media em doenc COP
H68,,H68   Salpingite e obstrucao trompa de Eustaquio
H69,,H69   Outr transt da trompa de Eustaquio
H70,,H70   Mastoidite e afeccoes correlatas
H71,,H71   Colesteatoma do ouvido medio
H72,,H72   Perfuracao da membrana do timpano
H73,,H73   Outr transt da membrana do timpano
H74,,H74   Outr transt do ouvido medio e da mastoide
H75,*,H75   Outr transt ouvido medio mastoide doenc COP
H80,,H80   Otosclerose
H81,,H81   Transt da funcao vestibular
H82,*,H82   Sindr vertiginosas em doenc COP
H83,,H83   Outr transt do ouvido interno
H90,,H90   Perda audicao transt conducao neuro-sens
H91,,H91   Outr perdas de audicao
H92,,H92   Otalgia e secrecao auditiva
H93,,H93   Outr transt do ouvido NCOP
H94,*,H94   Outr transt do ouvido em doenc COP
H95,,H95   Transt ouvido apof mastoide pos-proced NCOP
I00,,I00   Febre reumatica s/mencao de compr do coracao
I01,,I01   Febre reumatica c/compr do coracao
I02,,I02   Coreia reumatica
I05,,I05   Doenc reumaticas da valva mitral
I06,,I06   Doenc reumaticas da valva aortica
I07,,I07   Doenc reumaticas da valva tricuspide
I08,,I08   Doenc de mult valvas
I09,,I09   Outr doenc reumaticas do coracao
I10,,I10   Hipertensao essencial
I11,,I11   Doenc cardiaca hipertensiva
I12,,I12   Doenc renal hipertensiva
I13,,I13   Doenc cardiaca e renal hipertensiva
I15,,I15   Hipertensao secund
I20,,I20   Angina pectoris
I21,,I21   Infarto agudo do miocardio
I22,,I22   Infarto do miocardio recorrente
I23,,I23   Alg complic atuais subs infarto agud miocard
I24,,I24   Outr doenc isquemicas agudas do coracao
I25,,I25   Doenc isquemica cronica do coracao
I26,,I26   Embolia pulmonar
I27,,I27   Outr form de doenc cardiaca pulmonar
I28,,I28   Outr doenc dos vasos pulmonares
I30,,I30   Pericardite aguda
I31,,I31   Outr doenc do pericardio
I32,*,I32   Pericardite em doenc COP
I33,,I33   Endocardite aguda e subaguda
I34,,I34   Transt nao-reumaticos da valva mitral
I35,,I35   Transt nao-reumaticos da valva aortica
I36,,I36   Transt nao-reumaticos da valva tricuspide
I37,,I37   Transt da valva pulmonar
I38,,I38   Endocardite de valva NE
I39,*,I39   Endocardite transt valvulares card doenc COP
I40,,I40   Miocardite aguda
I41,*,I41   Miocardite em doenc COP
I42,,I42   Cardiomiopatias
I43,*,I43   Cardiomiopatia em doenc COP
I44,,I44   Bloqueio atrioventricular e do ramo esquerdo
I45,,I45   Outr transt de conducao
I46,,I46   Parada cardiaca
I47,,I47   Taquicardia paroxistica
I48,,I48   Flutter e fibrilacao atrial
I49,,I49   Outr arritmias cardiacas
I50,,I50   Insuf cardiaca
I51,,I51   Complic cardiopatias doenc cardiacas mal def
I52,*,I52   Outr afeccoes cardiacas em doenc COP
I60,,I60   Hemorragia subaracnoide
I61,,I61   Hemorragia intracerebral
I62,,I62   Outr hemorragias intracranianas nao-traum
I63,,I63   Infarto cerebral
I64,,I64   Acid vasc cerebr NE como hemorrag isquemico
I65,,I65   Oclus/esten art pre-cereb q n res inf cereb
I66,,I66   Oclusao/estenose art cereb q n res inf cereb
I67,,I67   Outr doenc cerebrovasculares
I68,*,I68   Transt cerebrovasculares em doenc COP
I69,,I69   Sequelas de doenc cerebrovasculares
I70,,I70   Aterosclerose
I71,,I71   Aneurisma e disseccao da aorta
I72,,I72   Outr aneurismas
I73,,I73   Outr doenc vasculares perifericas
I74,,I74   Embolia e trombose arteriais
I77,,I77   Outr afeccoes das arterias e arteriolas
I78,,I78   Doenc dos capilares
I79,*,I79   Transt arter arteriolas capilares doenc COP
I80,,I80   Flebite e tromboflebite
I81,,I81   Trombose da veia porta
I82,,I82   Outr embolia e trombose venosas
I83,,I83   Varizes dos membros infer
I84,,I84   Hemorroidas
I85,,I85   Varizes esofagianas
I86,,I86   Varizes de outr localiz
I87,,I87   Outr transt das veias
I88,,I88   Linfadenite inespecifica
I89,,I89   Outr transt nao-infecc vasos linf gangl linf
I95,,I95   Hipotensao
I97,,I97   Transt aparelho circulat subseq proced NCOP
I98,*,I98   Outr transt aparelho circulatorio doenc COP
I99,,I99   Outr transt do aparelho circulatorio e os NE
J00,,J00   Nasofaringite aguda
J01,,J01   Sinusite aguda
J02,,J02   Faringite aguda
J03,,J03   Amigdalite aguda
J04,,J04   Laringite e traqueite agudas
J05,,J05   Laringite obstrutiva aguda e epiglotite
J06,,J06   Infecc agudas vias aereas super loc mult NE
J10,,J10   Influenza dev virus influenza identificado
J11,,J11   Influenza dev virus nao identificado
J12,,J12   Pneumonia viral NCOP
J13,,J13   Pneumonia dev Streptococcus pneumoniae
J14,,J14   Pneumonia dev Haemophilus infuenzae
J15,,J15   Pneumonia bacter NCOP
J16,,J16   Pneumonia dev out microorg infecc espec NCOP
J17,*,J17   Pneumonia em doenc COP
J18,,J18   Pneumonia p/microorg NE
J20,,J20   Bronquite aguda
J21,,J21   Bronquiolite aguda
J22,,J22   Infecc agudas NE das vias aereas infer
J30,,J30   Rinite alergica e vasomotora
J31,,J31   Rinite nasofaringite e faringite cronicas
J32,,J32   Sinusite cronica
J33,,J33   Polipo nasal
J34,,J34   Outr transt do nariz e dos seios paranasais
J35,,J35   Doenc cronicas das amigdalas e das adenoides
J36,,J36   Abscesso periamigdaliano
J37,,J37   Laringite e laringotraqueite cronicas
J38,,J38   Doenc das cordas vocais e da laringe NCOP
J39,,J39   Outr doenc das vias aereas super
J40,,J40   Bronquite NE como aguda ou cronica
J41,,J41   Bronquite cronica simples e a mucopurulenta
J42,,J42   Bronquite cronica NE
J43,,J43   Enfisema
J44,,J44   Outr doenc pulmonares obstrutivas cronicas
J45,,J45   Asma
J46,,J46   Estado de mal asmatico
J47,,J47   Bronquectasia
J60,,J60   Pneumoconiose dos mineiros de carvao
J61,,J61   Pneumoconiose dev amianto outr fibr minerais
J62,,J62   Pneumoconiose dev poeira que cont silica
J63,,J63   Pneumoconiose dev outr poeiras inorganicas
J64,,J64   Pneumoconiose NE
J65,,J65   Pneumoconiose assoc c/tuberc
J66,,J66   Doenc das vias aereas dev poeiras org espec
J67,,J67   Pneumonite hipersensibilid dev poeiras org
J68,,J68   Afecc resp dev inal prod quim gas fumac vap
J69,,J69   Pneumonite dev solidos e liquidos
J70,,J70   Afeccoes respirat dev outr agentes externos
J80,,J80   Sindr do desconforto respirat do adulto
J81,,J81   Edema pulmonar NE de outr form
J82,,J82   Eosinofilia pulmonar NCOP
J84,,J84   Outr doenc pulmonares intersticiais
J85,,J85   Abscesso do pulmao e do mediastino
J86,,J86   Piotorax
J90,,J90   Derrame pleural NCOP
J91,*,J91   Derrame pleural em afeccoes COP
J92,,J92   Placas pleurais
J93,,J93   Pneumotorax
J94,,J94   Outr afeccoes pleurais
J95,,J95   Afeccoes respirat pos-proced NCOP
J96,,J96   Insuf respirat NCOP
J98,,J98   Outr transt respirat
J99,*,J99   Transt respirat em doenc COP
K00,,K00   Disturbios desenvolv e da erupcao dos dentes
K01,,K01   Dentes inclusos e impactados
K02,,K02   Carie dentaria
K03,,K03   Outr doenc dos tec dentarios duros
K04,,K04   Doenc da polpa e dos tec periapicais
K05,,K05   Gengivite e doenc periodontais
K06,,K06   Outr transt gengiva rebordo alveolar s/dent
K07,,K07   Anomalias dentofaciais
K08,,K08   Outr transt dentes e estrut de sustentacao
K09,,K09   Cistos da regiao bucal NCOP
K10,,K10   Outr doenc dos maxilares
K11,,K11   Doenc das gland salivares
K12,,K12   Estomatite e lesoes correlatas
K13,,K13   Outr doenc do labio e da mucosa oral
K14,,K14   Doenc da lingua
K20,,K20   Esofagite
K21,,K21   Doenc de refluxo gastroesofagico
K22,,K22   Outr doenc do esofago
K23,*,K23   Transt do esofago em doenc COP
K25,,K25   Ulcera gastrica
K26,,K26   Ulcera duodenal
K27,,K27   Ulcera peptica de localiz NE
K28,,K28   Ulcera gastrojejunal
K29,,K29   Gastrite e duodenite
K30,,K30   Dispepsia
K31,,K31   Outr doenc do estomago e do duodeno
K35,,K35   Apendicite aguda
K36,,K36   Outr form de apendicite
K37,,K37   Apendicite SOE
K38,,K38   Outr doenc do apendice
K40,,K40   Hernia inguinal
K41,,K41   Hernia femoral
K42,,K42   Hernia umbilical
K43,,K43   Hernia ventral
K44,,K44   Hernia diafragmatica
K45,,K45   Outr hernias abdominais
K46,,K46   Hernia abdominal NE
K50,,K50   Doenc de Crohn
K51,,K51   Colite ulcerativa
K52,,K52   Outr gastroenterites e colites nao-infecc
K55,,K55   Transt vasculares do intestino
K56,,K56   Ileo paralitico e obstr intestinal s/hernia
K57,,K57   Doenc diverticular do intestino
K58,,K58   Sindr do colon irritavel
K59,,K59   Outr transt funcionais do intestino
K60,,K60   Fissura e fistula das regioes anal e retal
K61,,K61   Abscesso das regioes anal e retal
K62,,K62   Outr doenc do reto e do anus
K63,,K63   Outr doenc do intestino
K65,,K65   Peritonite
K66,,K66   Outr transt do peritonio
K67,*,K67   Compr do peritonio em doenc infecc COP
K70,,K70   Doenc alcoolica do figado
K71,,K71   Doenc hepatica toxica
K72,,K72   Insuf hepatica NCOP
K73,,K73   Hepatite cronica NCOP
K74,,K74   Fibrose e cirrose hepaticas
K75,,K75   Outr doenc inflam do figado
K76,,K76   Outr doenc do figado
K77,*,K77   Transt do figado em doenc COP
K80,,K80   Colelitiase
K81,,K81   Colecistite
K82,,K82   Outr doenc da vesicula biliar
K83,,K83   Outr doenc das vias biliares
K85,,K85   Pancreatite aguda
K86,,K86   Outr doenc do pancreas
K87,*,K87   Transt ves biliar via biliar pancr doenc COP
K90,,K90   Ma-absorcao intestinal
K91,,K91   Transt do aparelho digestivo pos-proced NCOP
K92,,K92   Outr doenc do aparelho digestivo
K93,*,K93   Transt de outr orgaos digestivos doenc COP
L00,,L00   Sindr pele escaldada estafilococ recem-nasc
L01,,L01   Impetigo
L02,,L02   Abscesso cutaneo furunculo e antraz
L03,,L03   Celulite
L04,,L04   Linfadenite aguda
L05,,L05   Cisto pilonidal
L08,,L08   Outr infecc localiz pele e tec subcutaneo
L10,,L10   Penfigo
L11,,L11   Outr afeccoes acantoliticas
L12,,L12   Penfigoide
L13,,L13   Outr afeccoes bolhosas
L14,*,L14   Afeccoes bolhosas em doenc COP
L20,,L20   Dermatite atopica
L21,,L21   Dermatite seborreica
L22,,L22   Dermatite das fraldas
L23,,L23   Dermatites alergicas de contato
L24,,L24   Dermatites de contato p/irritantes
L25,,L25   Dermatite de contato NE
L26,,L26   Dermatite esfoliativa
L27,,L27   Dermatite dev subst de uso interno
L28,,L28   Liquen simples cronico e prurigo
L29,,L29   Prurido
L30,,L30   Outr dermatites
L40,,L40   Psoriase
L41,,L41   Parapsoriase
L42,,L42   Pitiriase rosea
L43,,L43   Liquen plano
L44,,L44   Outr afeccoes papulo-descamativas
L45,*,L45   Afeccoes papulo-descamativas em doenc COP
L50,,L50   Urticaria
L51,,L51   Eritema polimorfo
L52,,L52   Eritema nodoso
L53,,L53   Outr afeccoes eritematosas
L54,*,L54   Eritema em doenc COP
L55,,L55   Queim solar
L56,,L56   Outr alterac agud pele dev rad ultravioleta
L57,,L57   Alter pele dev expos cron rad nao ionizante
L58,,L58   Radiodermatite
L59,,L59   Outr afecc pele tec subcutan relac radiacao
L60,,L60   Afeccoes das unhas
L62,*,L62   Afeccoes das unhas em doenc COP
L63,,L63   Alopecia areata
L64,,L64   Alopecia androgenica
L65,,L65   Outr form nao cicatric perda cabelos pelos
L66,,L66   Alopecia cicatricial
L67,,L67   Anormalidades cor e pediculo cabelos pelos
L68,,L68   Hipertricose
L70,,L70   Acne
L71,,L71   Rosacea
L72,,L72   Cistos foliculares da pele e tec subcutaneo
L73,,L73   Outr afeccoes foliculares
L74,,L74   Afeccoes das gland sudoriparas ecrinas
L75,,L75   Afeccoes das gland sudoriparas apocrinas
L80,,L80   Vitiligo
L81,,L81   Outr transt da pigmentacao
L82,,L82   Ceratose seborreica
L83,,L83   Acantose nigricans
L84,,L84   Calos e calosidades
L85,,L85   Outr form de espessamento epidermico
L86,*,L86   Ceratodermia em doenc COP
L87,,L87   Transt da eliminacao transepidermica
L88,,L88   Piodermite gangrenosa
L89,,L89   Ulcera de decubito
L90,,L90   Afeccoes atroficas da pele
L91,,L91   Afeccoes hipertroficas da pele
L92,,L92   Afeccoes granulomatosas pele tec subcutaneo
L93,,L93   Lupus eritematoso
L94,,L94   Outr afeccoes localizadas do tec conjuntivo
L95,,L95   Vasculite limitada a pele NCOP
L97,,L97   Ulcera dos membros infer NCOP
L98,,L98   Outr afeccoes da pele e tec subcutaneo NCOP
L99,*,L99   Outr afeccoes pele tec subcutaneo doenc COP
M00,,M00   Artrite piogenica
M01,*,M01   Infecc diretas artic doenc infec parasit COP
M02,,M02   Artropatias reacionais
M03,*,M03   Artropatias pos-infecc reac doenc infecc COP
M05,,M05   Artrite reumatoide soro-positiva
M06,,M06   Outr artrites reumatoides
M07,*,M07   Artropatias psoriasicas e enteropaticas
M08,,M08   Artrite juvenil
M09,*,M09   Artrite juvenil em doenc COP
M10,,M10   Gota
M11,,M11   Outr artropatias p/deposicao de cristais
M12,,M12   Outr artropatias espec
M13,,M13   Outr artrites
M14,*,M14   Artropatias em outr doenc COP
M15,,M15   Poliartrose
M16,,M16   Coxartrose
M17,,M17   Gonartrose
M18,,M18   Artrose prim articulacao carpometacarpiana
M19,,M19   Outr artroses
M20,,M20   Deform adquir dedos maos e pes
M21,,M21   Outr deform adquir dos membros
M22,,M22   Transt da rotula
M23,,M23   Transt internos dos joelhos
M24,,M24   Outr transt articulares especificos
M25,,M25   Outr transt articulares NCOP
M30,,M30   Poliarterite nodosa e afeccoes correlatas
M31,,M31   Outr vasculopatias necrotizantes
M32,,M32   Lupus eritematoso disseminado
M33,,M33   Dermatopoliomiosite
M34,,M34   Esclerose sistemica
M35,,M35   Outr afeccoes sistemicas do tec conjuntivo
M36,*,M36   Doenc sistemicas do tec conjuntivo doenc COP
M40,,M40   Cifose e lordose
M41,,M41   Escoliose
M42,,M42   Osteocondrose da coluna vertebral
M43,,M43   Outr dorsopatias deformantes
M45,,M45   Espondilite ancilosante
M46,,M46   Outr espondilopatias inflam
M47,,M47   Espondilose
M48,,M48   Outr espondilopatias
M49,*,M49   Espondilopatias em doenc COP
M50,,M50   Transt dos discos cervicais
M51,,M51   Outr transt de discos intervertebrais
M53,,M53   Outr dorsopatias NCOP
M54,,M54   Dorsalgia
M60,,M60   Miosite
M61,,M61   Calcificacao e ossificacao do musculo
M62,,M62   Outr transt musculares
M63,*,M63   Transt de musculo em doenc COP
M65,,M65   Sinovite e tenossinovite
M66,,M66   Ruptura espontanea de sinovia e de tendao
M67,,M67   Outr transt das sinovias e dos tendoes
M68,*,M68   Transt de sinovias e de tendoes em doenc COP
M70,,M70   Transt tec moles relac uso excess e pressao
M71,,M71   Outr bursopatias
M72,,M72   Transt fibroblasticos
M73,*,M73   Transt dos tec moles em doenc COP
M75,,M75   Lesoes do ombro
M76,,M76   Entesopatias dos membros infer excl pe
M77,,M77   Outr entesopatias
M79,,M79   Outr transt dos tec moles NCOP
M80,,M80   Osteoporose c/frat patologica
M81,,M81   Osteoporose s/frat patologica
M82,*,M82   Osteoporose em doenc COP
M83,,M83   Osteomalacia do adulto
M84,,M84   Transt da continuidade do osso
M85,,M85   Outr transt da densidade e estrutura osseas
M86,,M86   Osteomielite
M87,,M87   Osteonecrose
M88,,M88   Doenc de Paget do osso
M89,,M89   Outr transt osseos
M90,*,M90   Osteopatias em doenc COP
M91,,M91   Osteocondrose juvenil do quadril e da pelve
M92,,M92   Outr osteocondroses juvenis
M93,,M93   Outr osteocondropatias
M94,,M94   Outr transt das cartilagens
M95,,M95   Outr deform adquir sist osteomusc tec conj
M96,,M96   Transt osteomusculares pos-proced NCOP
M99,,M99   Lesoes biomecanicas NCOP
N00,,N00   Sindr nefritica aguda
N01,,N01   Sindr nefritica rapidamente progressiva
N02,,N02   Hematuria recidivante e persistente
N03,,N03   Sindr nefritica cronica
N04,,N04   Sindr nefrotica
N05,,N05   Sindr nefritica NE
N06,,N06   Proteinuria isolada c/lesao morfolog espec
N07,,N07   Nefropatia hereditaria NCOP
N08,*,N08   Transt glomerulares em doenc COP
N10,,N10   Nefrite tubulo-intersticial aguda
N11,,N11   Nefrite tubulo-intersticial cronica
N12,,N12   Nefrite tubulo-intersticial NE aguda cronica
N13,,N13   Uropatia obstrutiva e p/refluxo
N14,,N14   Afec tubul tubulo-interst ind drog met pesad
N15,,N15   Outr doenc renais tubulo-intersticiais
N16,*,N16   Transt renais tubulo-intersticiais doenc COP
N17,,N17   Insuf renal aguda
N18,,N18   Insuf renal cronica
N19,,N19   Insuf renal NE
N20,,N20   Calculose do rim e do ureter
N21,,N21   Calculose do trato urinario infer
N22,*,N22   Calculose do trato urinario infer doenc COP
N23,,N23   Colica nefretica NE
N25,,N25   Transt result funcao renal tubular alterada
N26,,N26   Rim contraido NE
N27,,N27   Hipoplasia renal de causa desconhecida
N28,,N28   Outr transt do rim e do ureter NCOP
N29,*,N29   Outr transt do rim e do ureter em doenc COP
N30,,N30   Cistite
N31,,N31   Disfuncoes neuromusculares da bexiga NCOP
N32,,N32   Outr transt da bexiga
N33,*,N33   Transt da bexiga em doenc COP
N34,,N34   Uretrite e sindr uretral
N35,,N35   Estenose da uretra
N36,,N36   Outr transt da uretra
N37,*,N37   Transt da uretra em doenc COP
N39,,N39   Outr transt do trato urinario
N40,,N40   Hiperplasia da prostata
N41,,N41   Doenc inflam da prostata
N42,,N42   Outr afeccoes da prostata
N43,,N43   Hidrocele e espermatocele
N44,,N44   Torcao do testiculo
N45,,N45   Orquite e epididimite
N46,,N46   Infertilidade masc
N47,,N47   Hipertrofia do prepucio fimose e parafimose
N48,,N48   Outr transt do penis
N49,,N49   Transt inflam orgaos genitais masc NCOP
N50,,N50   Outr transt dos orgaos genitais masc
N51,*,N51   Transt orgaos genitais masc doenc COP
N60,,N60   Displasias mamarias benignas
N61,,N61   Transt inflam da mama
N62,,N62   Hipertrofia da mama
N63,,N63   Nodulo mamario NE
N64,,N64   Outr doenc da mama
N70,,N70   Salpingite e ooforite
N71,,N71   Doenc inflam do utero exceto o colo
N72,,N72   Doenc inflam do colo do utero
N73,,N73   Outr doenc inflam pelvicas femin
N74,*,N74   Transt inflam da pelve femin em doenc COP
N75,,N75   Doenc da gland de Bartholin
N76,,N76   Outr afeccoes inflam da vagina e da vulva
N77,*,N77   Ulceracao e inflam vulvovaginais doenc COP
N80,,N80   Endometriose
N81,,N81   Prolapso genital femin
N82,,N82   Fistulas do trato genital femin
N83,,N83   Transt nao-infl ovario tromp Falop lig largo
N84,,N84   Polipo do trato genital femin
N85,,N85   Outr transt nao-inflam utero exc colo utero
N86,,N86   Erosao e ectropio do colo do utero
N87,,N87   Displasia do colo do utero
N88,,N88   Outr transt nao-inflam do colo do utero
N89,,N89   Outr transt nao-inflam da vagina
N90,,N90   Outr transt nao-inflam da vulva e do perineo
N91,,N91   Menstruacao ausente escassa e pouco freq
N92,,N92   Menstruacao excessiva frequente e irregular
N93,,N93   Outr sangramentos anormais utero e vagina
N94,,N94   Dor outr afecc ass org genit fem cicl menstr
N95,,N95   Transt da menopausa e da perimenopausa
N96,,N96   Abortamento habitual
N97,,N97   Infertilidade femin
N98,,N98   Complic assoc a fecundacao artificial
N99,,N99   Transt trato geniturinario pos-proced NCOP
O00,,O00   Gravidez ectopica
O01,,O01   Mola hidatiforme
O02,,O02   Outr produtos anormais da concepcao
O03,,O03   Aborto espontaneo
O04,,O04   Aborto p/razoes medicas e legais
O05,,O05   Outr tipos de aborto
O06,,O06   Aborto NE
O07,,O07   Falha de tentativa de aborto
O08,,O08   Complic conseq aborto gravidez ectop molar
O10,,O10   Hipertens pre-exist complic grav parto puerp
O11,,O11   Dist hipertens pre-exist proteinuria superp
O12,,O12   Edema e proteinuria gestac s/hipertensao
O13,,O13   Hipertensao gestacional s/proteinuria signif
O14,,O14   Hipertensao gestacional c/proteinuria signif
O15,,O15   Eclampsia
O16,,O16   Hipertensao materna NE
O20,,O20   Hemorragia do inicio da gravidez
O21,,O21   Vomitos excessivos na gravidez
O22,,O22   Complic venosas na gravidez
O23,,O23   Infecc do trato geniturinario na gravidez
O24,,O24   Diabetes mellitus na gravidez
O25,,O25   Desnutric na gravidez
O26,,O26   Assist materna outr complic lig predom grav
O28,,O28   Achados anorm rastr antenatal mae
O29,,O29   Complic anestesia admin durante gravidez
O30,,O30   Gestacao mult
O31,,O31   Complic especificas de gestacao mult
O32,,O32   Assist prest mae apres anorm conh susp feto
O33,,O33   Assist prest mae desprop conhecida suspeita
O34,,O34   Assist prest mae anor conh susp org pelv mat
O35,,O35   Assist prest mae anorm lesao fet conhec susp
O36,,O36   Assist prest mae outr probl fet conhec susp
O40,,O40   Polihidramnio
O41,,O41   Outr transt membranas e liquido amniotico
O42,,O42   Ruptura prematura de membranas
O43,,O43   Transt da placenta
O44,,O44   Placenta previa
O45,,O45   Descolamento prematuro da placenta
O46,,O46   Hemorragia anteparto NCOP
O47,,O47   Falso trabalho de parto
O48,,O48   Gravidez prolongada
O60,,O60   Parto pre-termo
O61,,O61   Falha na inducao do trabalho de parto
O62,,O62   Anormalidades da contracao uterina
O63,,O63   Trabalho de parto prolongado
O64,,O64   Obstr trab parto dev ma-posic ma-apres feto
O65,,O65   Obstr trab parto dev anorm pelvica da mae
O66,,O66   Outr form de obstrucao do trabalho de parto
O67,,O67   Trab parto parto compl hemorr intrapart NCOP
O68,,O68   Trab parto e parto complic sofrimento fetal
O69,,O69   Trab parto parto compl anorm cordao umbilic
O70,,O70   Laceracao do perineo durante o parto
O71,,O71   Outr traum obstetricos
O72,,O72   Hemorragia pos-parto
O73,,O73   Retencao placenta e membranas s/hemorragias
O74,,O74   Complic anestesia durante trab parto e parto
O75,,O75   Outr complic do trab parto e do parto NCOP
O80,,O80   Parto unico espontaneo
O81,,O81   Parto unico p/forceps ou vacuo-extrator
O82,,O82   Parto unico p/cesariana
O83,,O83   Outr tipos de parto unico assistido
O84,,O84   Parto mult
O85,,O85   Infecc puerperal
O86,,O86   Outr infecc puerperais
O87,,O87   Complic venosas no puerperio
O88,,O88   Embolia orig obstetrica
O89,,O89   Complic da anestesia admin durante puerperio
O90,,O90   Complic do puerperio NCOP
O91,,O91   Infecc mamarias assoc ao parto
O92,,O92   Outr afeccoes mama e lactacao assoc ao parto
O95,,O95   Morte obstetrica de causa NE
O96,,O96   Morte qq caus obst mais 42d menos 1a parto
O97,,O97   Morte p/sequelas causas obstetricas diretas
O98,,O98   Doen inf paras mat COP compl grav part puerp
O99,,O99   Outr doenc mat COP compl grav parto puerp
P00,,P00   Fet rec-nasc afet afec mat n obr rel grav at
P01,,P01   Fet rec-nasc afet complic maternas gravidez
P02,,P02   Fet rec-nasc afet compl plac cord umb membr
P03,,P03   Fet rec-nasc afet out compl trab parto parto
P04,,P04   Fet rec-nasc infl af noc trans plac leit mat
P05,,P05   Crescimento fetal retard e desnutric fetal
P07,,P07   Transt rel gest curt dur peso baix nasc NCOP
P08,,P08   Transt relac gest prolong peso elevado nasc
P10,,P10   Laceracao intracran hemorrag dev traum parto
P11,,P11   Outr traum de parto do sist nervoso central
P12,,P12   Lesao do couro cabeludo dev traum de parto
P13,,P13   Lesoes do esqueleto dev traum de parto
P14,,P14   Lesoes ao nascer do sist nervoso periferico
P15,,P15   Outr traum de parto
P20,,P20   Hipoxia intra-uterina
P21,,P21   Asfixia ao nascer
P22,,P22   Desconforto respirat do recem-nascido
P23,,P23   Pneumonia congen
P24,,P24   Sindr de aspiracao neonatal
P25,,P25   Enfisema interst afecc corr orig per perinat
P26,,P26   Hemorragia pulmonar orig periodo perinatal
P27,,P27   Doenc respirat cron orig periodo perinatal
P28,,P28   Outr afeccoes respirat orig per perinatal
P29,,P29   Transt cardiovasc orig periodo perinatal
P35,,P35   Doenc virais congen
P36,,P36   Septicemia bacter do recem-nascido
P37,,P37   Outr doenc infecc e parasit congen
P38,,P38   Onfalite recem-nasc c/ou s/hemorragia leve
P39,,P39   Outr infecc especificas do periodo perinatal
P50,,P50   Perda sanguinea fetal
P51,,P51   Hemorragia umbilical do recem-nascido
P52,,P52   Hemorragia intracran nao-traum feto rec-nasc
P53,,P53   Doenc hemorragica do feto e do recem-nascido
P54,,P54   Outr hemorragias neonatais
P55,,P55   Doenc hemolitica do feto e do recem-nascido
P56,,P56   Hidropsia fetal dev doenc hemolitica
P57,,P57   Kernicterus
P58,,P58   Ictericia neonatal dev outr hemolises excess
P59,,P59   Ictericia neonatal dev outr causas e as NE
P60,,P60   Coagulacao intravasc dissem feto rec-nasc
P61,,P61   Outr transt hematologicos perinatais
P70,,P70   Trans transit metab carboid esp fet rec-nasc
P71,,P71   Transt transit metab calcio magn per neonat
P72,,P72   Outr transt endocrinos transit period neonat
P74,,P74   Outr dist eletrolit metab transit per neonat
P75,*,P75   Ileo meconial
P76,,P76   Outr obstrucoes intestinais do recem-nascido
P77,,P77   Enterocolite necrotizante do feto e rec-nasc
P78,,P78   Outr transt ap digestivo periodo perinatal
P80,,P80   Hipotermia do recem-nascido
P81,,P81   Outr disturbios regulacao termica rec-nasc
P83,,P83   Outr afecc compr tegum espec feto rec-nasc
P90,,P90   Convulsoes do recem-nascido
P91,,P91   Outr disturbios funcao cerebral rec-nasc
P92,,P92   Problemas de alimentacao do recem-nascido
P93,,P93   Reacoes e intox dev drog admin feto rec-nasc
P94,,P94   Transt do tonus muscular do recem-nascido
P95,,P95   Morte fetal de causa NE
P96,,P96   Outr afeccoes originadas periodo perinatal
Q00,,Q00   Anencefalia e malformacoes similares
Q01,,Q01   Encefalocele
Q02,,Q02   Microcefalia
Q03,,Q03   Hidrocefalia congen
Q04,,Q04   Outr malformacoes congen do cerebro
Q05,,Q05   Espinha bifida
Q06,,Q06   Outr malformacoes congen da medula espinhal
Q07,,Q07   Outr malformacoes congen do sist nervoso
Q10,,Q10   Malform congen palpebras ap lacrimal orbita
Q11,,Q11   Anoftalmia microftalmia e macroftalmia
Q12,,Q12   Malformacoes congen do cristalino
Q13,,Q13   Malformacoes congen camara anterior do olho
Q14,,Q14   Malformacoes congen camara posterior do olho
Q15,,Q15   Outr malformacoes congen do olho
Q16,,Q16   Malform congen ouvido caus compr audicao
Q17,,Q17   Outr malformacoes congen da orelha
Q18,,Q18   Outr malformacoes congen da face e pescoco
Q20,,Q20   Malform congen camaras e comunicacoes card
Q21,,Q21   Malformacoes congen dos septos cardiacos
Q22,,Q22   Malform congen valvas pulmonar tricuspide
Q23,,Q23   Malformacoes congen valvas aortica e mitral
Q24,,Q24   Outr malformacoes congen do coracao
Q25,,Q25   Malformacoes congen das grandes arterias
Q26,,Q26   Malformacoes congen das grandes veias
Q27,,Q27   Outr malformacoes congen sist vasc perif
Q28,,Q28   Outr malform congen aparelho circulatorio
Q30,,Q30   Malformacao congen do nariz
Q31,,Q31   Malformacoes congen da laringe
Q32,,Q32   Malformacoes congen traqueia e bronquios
Q33,,Q33   Malformacoes congen do pulmao
Q34,,Q34   Outr malformacoes congen aparelho respirat
Q35,,Q35   Fenda palatina
Q36,,Q36   Fenda labial
Q37,,Q37   Fenda labial c/fenda palatina
Q38,,Q38   Outr malform congen lingua boca e faringe
Q39,,Q39   Malformacoes congen do esofago
Q40,,Q40   Outr malform congen trato digestivo super
Q41,,Q41   Ausencia atresia estenose congen intest delg
Q42,,Q42   Ausencia atresia e estenose congen do colon
Q43,,Q43   Outr malformacoes congen do intestino
Q44,,Q44   Malform congen vesic biliar via biliar figad
Q45,,Q45   Outr malformacoes congen aparelho digestivo
Q50,,Q50   Malform cong ovario tromp Falopio lig largos
Q51,,Q51   Malformacoes congen utero e do colo do utero
Q52,,Q52   Outr malformacoes congen org genitais femin
Q53,,Q53   Testiculo nao-descido
Q54,,Q54   Hipospadias
Q55,,Q55   Outr malformacoes congen org genitais masc
Q56,,Q56   Sexo indeterminado e pseudo-hermafroditismo
Q60,,Q60   Agenesia renal e outr defeitos reducao rim
Q61,,Q61   Doenc cisticas do rim
Q62,,Q62   Anom cong obstr pelv renal malf cong ureter
Q63,,Q63   Outr malformacoes congen do rim
Q64,,Q64   Outr malformacoes congen aparelho urinario
Q65,,Q65   Malformacoes congen do quadril
Q66,,Q66   Deform congen do pe
Q67,,Q67   Deform osteom cong cabeca face coluna torax
Q68,,Q68   Outr deform osteomusculares congen
Q69,,Q69   Polidactilia
Q70,,Q70   Sindactilia
Q71,,Q71   Defeitos p/reducao do membro super
Q72,,Q72   Defeitos p/reducao do membro infer
Q73,,Q73   Defeitos p/reducao de membro NE
Q74,,Q74   Outr malformacoes congen dos membros
Q75,,Q75   Outr malformacoes congen ossos cranio e face
Q76,,Q76   Malform congen coluna vertebral ossos torax
Q77,,Q77   Osteocondr c/anom cresc ossos long col vert
Q78,,Q78   Outr osteocondrodisplasias
Q79,,Q79   Malformacoes congen sist osteomuscular NCOP
Q80,,Q80   Ictiose congen
Q81,,Q81   Epidermolise bolhosa
Q82,,Q82   Outr malformacoes congen da pele
Q83,,Q83   Malformacoes congen da mama
Q84,,Q84   Outr malformacoes congen do tegumento
Q85,,Q85   Facomatoses NCOP
Q86,,Q86   Sindr c/malf cong dev causas exog conh NCOP
Q87,,Q87   Outr sindr c/malform cong q acomet mult sist
Q89,,Q89   Outr malformacoes congen NCOP
Q90,,Q90   Sindr de Down
Q91,,Q91   Sindr de Edwards e sindr de Patau
Q92,,Q92   Outr trissomias e trissom parc autoss NCOP
Q93,,Q93   Monossomias e delecoes dos autossomos NCOP
Q95,,Q95   Rearranjos equilibr e marcadores estrut NCOP
Q96,,Q96   Sindr de Turner
Q97,,Q97   Outr anom cromoss sexuais fenotipo fem NCOP
Q98,,Q98   Outr anom cromoss sexuais fenotipo masc NCOP
Q99,,Q99   Outr anomalias dos cromossomos NCOP
R00,,R00   Anormalidades do batimento cardiaco
R01,,R01   Sopros e outr ruidos cardiacos
R02,,R02   Gangrena NCOP
R03,,R03   Valor anormal pressao arterial s/diagn
R04,,R04   Hemorragia das vias respirat
R05,,R05   Tosse
R06,,R06   Anormalidades da respiracao
R07,,R07   Dor de garganta e no peito
R09,,R09   Outr sint sinais relat ap circulat respirat
R10,,R10   Dor abdominal e pelvica
R11,,R11   Nausea e vomitos
R12,,R12   Pirose
R13,,R13   Disfagia
R14,,R14   Flatulencia e afeccoes correlatas
R15,,R15   Incontinencia fecal
R16,,R16   Hepatomegalia e esplenomegalia NCOP
R17,,R17   Ictericia NE
R18,,R18   Ascite
R19,,R19   Outr sint e sinais relat ap digest abdome
R20,,R20   Disturbios da sensibilidade cutanea
R21,,R21   Eritema e outr erupcoes cutaneas NE
R22,,R22   Tumefac massa tumoracao loc pele tec subcut
R23,,R23   Outr alteracoes cutaneas
R25,,R25   Movimentos involuntarios anormais
R26,,R26   Anormalidades da marcha e da mobilidade
R27,,R27   Outr disturbios da coordenacao
R29,,R29   Outr sint sinais relat sist nerv osteomusc
R30,,R30   Dor assoc a miccao
R31,,R31   Hematuria NE
R32,,R32   Incontinencia urinaria NE
R33,,R33   Retencao urinaria
R34,,R34   Anuria e oliguria
R35,,R35   Poliuria
R36,,R36   Secrecao uretral
R39,,R39   Outr sint e sinais relativos ap urinario
R40,,R40   Sonolencia estupor e coma
R41,,R41   Outr sint sinais relat func cognit e consc
R42,,R42   Tontura e instabilidade
R43,,R43   Disturbios do olfato e do paladar
R44,,R44   Outr sint sinais relat sensac percep gerais
R45,,R45   Sint e sinais relativos ao estado emocional
R46,,R46   Sint e sinais relativos aparencia e comport
R47,,R47   Disturbios da fala NCOP
R48,,R48   Dislexia e outr disfuncoes simbolicas NCOP
R49,,R49   Disturbios da voz
R50,,R50   Febre orig desconhecida
R51,,R51   Cefaleia
R52,,R52   Dor NCOP
R53,,R53   Mal estar fadiga
R54,,R54   Senilidade
R55,,R55   Sincope e colapso
R56,,R56   Convulsoes NCOP
R57,,R57   Choque NCOP
R58,,R58   Hemorragia NCOP
R59,,R59   Aumento de volume dos ganglios linfaticos
R60,,R60   Edema NCOP
R61,,R61   Hiperidrose
R62,,R62   Retardo do desenvolv fisiologico normal
R63,,R63   Sint sinais relat ingestao alimentos liquid
R64,,R64   Caquexia
R68,,R68   Outr sint e sinais gerais
R69,,R69   Causas desconhecidas e NE de morbidade
R70,,R70   Veloc hemossedim elev outr anorm visc plasm
R71,,R71   Anormalidade das hemacias
R72,,R72   Anormalidade dos leucocitos NCOP
R73,,R73   Aumento da glicemia
R74,,R74   Anormalidades dos niveis de enzimas sericas
R75,,R75   Evidencia laboratorial do HIV
R76,,R76   Outr achados imunologicos anormais no soro
R77,,R77   Outr anormalidades das proteinas plasmaticas
R78,,R78   Presenca drog outr subst norm n encontr sang
R79,,R79   Outr achados anormais exames quimicos sangue
R80,,R80   Proteinuria isolada
R81,,R81   Glicosuria
R82,,R82   Outr achados anormais na urina
R83,,R83   Achados anormais liquido cefalorraquidiano
R84,,R84   Achados anormais mat prov org respirat torax
R85,,R85   Achados anorm mat prov org digest cav abdom
R86,,R86   Achados anormais mat prov org genitais masc
R87,,R87   Achados anormais mat prov org genitais femin
R89,,R89   Achados anorms mat prov outr org ap sist tec
R90,,R90   Result anorm exam diagn imag sist nerv centr
R91,,R91   Achados anorm exames diagn imagem do pulmao
R92,,R92   Achados anorm exames diagn imagem da mama
R93,,R93   Achados anorm exam diagn imag out estr corp
R94,,R94   Resultados anormais de estudos de funcao
R95,,R95   Sindr da morte subita na infancia
R96,,R96   Outr mortes subitas de causa desconhecida
R98,,R98   Morte s/assist
R99,,R99   Outr causas mal definidas e NE mortalidade
S00,,S00   Traum superf da cabeca
S01,,S01   Ferim da cabeca
S02,,S02   Frat do cranio e dos ossos da face
S03,,S03   Luxacao entorse distensao artic lig cabeca
S04,,S04   Traum dos nervos cranianos
S05,,S05   Traum do olho e da orbita ocular
S06,,S06   Traum intracraniano
S07,,S07   Lesoes p/esmag da cabeca
S08,,S08   Amput traum de parte da cabeca
S09,,S09   Outr traum da cabeca e os NE
S10,,S10   Traum superf do pescoco
S11,,S11   Ferim do pescoco
S12,,S12   Frat do pescoco
S13,,S13   Luxacao entorse distensao artic lig pescoco
S14,,S14   Traum nervos medula espinhal nivel cervical
S15,,S15   Traum dos vasos sanguineos nivel do pescoco
S16,,S16   Traum de tendoes e de musculos do pescoco
S17,,S17   Lesoes p/esmag do pescoco
S18,,S18   Amput traum ao nivel do pescoco
S19,,S19   Outr traum do pescoco e os NE
S20,,S20   Traum superf do torax
S21,,S21   Ferim do torax
S22,,S22   Frat de costelas esterno e coluna toracica
S23,,S23   Luxacao entorse distensao artic lig do torax
S24,,S24   Traum nervos e medula espinhal nivel torax
S25,,S25   Traum de vasos sanguineos do torax
S26,,S26   Traum do coracao
S27,,S27   Traum de outr orgaos intratoracicos e dos NE
S28,,S28   Lesao p/esmag torax amput traum parte torax
S29,,S29   Outr traum do torax e os NE
S30,,S30   Traum superf do abdome do dorso e da pelve
S31,,S31   Ferim do abdome do dorso e da pelve
S32,,S32   Frat da coluna lombar e da pelve
S33,,S33   Luxac entors dist artic lig col lombar pelve
S34,,S34   Traum nerv med lombar niv abdome dorso pelve
S35,,S35   Traum vasos sang nivel abdome dorso pelve
S36,,S36   Traum de orgaos intra-abdominais
S37,,S37   Traum do aparelho urinario e orgaos pelvicos
S38,,S38   Lesao p/esmag amput traum part abd dors pelv
S39,,S39   Outr traum e os NE do abdome dorso e pelve
S40,,S40   Traum superf do ombro e do braco
S41,,S41   Ferim do ombro e do braco
S42,,S42   Frat do ombro e do braco
S43,,S43   Luxacao entorse distens artic lig cint escap
S44,,S44   Traum de nervos ao nivel do ombro e do braco
S45,,S45   Traum dos vasos sanguineos nivel ombro braco
S46,,S46   Traum de tendao e musculo nivel ombro braco
S47,,S47   Lesao p/esmag do ombro e do braco
S48,,S48   Amput traum do ombro e do braco
S49,,S49   Outr traum e os NE do ombro e do braco
S50,,S50   Traum superf do cotovelo e do antebraco
S51,,S51   Ferim do antebraco
S52,,S52   Frat do antebraco
S53,,S53   Luxacao entorse distensao artic lig cotovelo
S54,,S54   Traum de nervos ao nivel do antebraco
S55,,S55   Traum de vasos sanguineos ao nivel antebraco
S56,,S56   Traum do musculo e tendao ao nivel antebraco
S57,,S57   Lesao p/esmag do antebraco
S58,,S58   Amput traum do cotovelo e do antebraco
S59,,S59   Outr traum do antebraco e os NE
S60,,S60   Traum superf do punho e da mao
S61,,S61   Ferim do punho e da mao
S62,,S62   Frat ao nivel do punho e da mao
S63,,S63   Luxac entors distens artic lig niv punho mao
S64,,S64   Traum de nervos ao nivel do punho e da mao
S65,,S65   Traum de vasos sanguineos nivel punho e mao
S66,,S66   Traum de musculo e tendao nivel punho e mao
S67,,S67   Lesao p/esmag do punho e da mao
S68,,S68   Amput traum ao nivel do punho e da mao
S69,,S69   Outr traum e os NE do punho e da mao
S70,,S70   Traum superf do quadril e da coxa
S71,,S71   Ferim do quadril e da coxa
S72,,S72   Frat do femur
S73,,S73   Luxacao entorse distensao artic lig quadril
S74,,S74   Traum de nervos ao nivel do quadril e coxa
S75,,S75   Traum vasos sanguineos nivel quadril e coxa
S76,,S76   Traum musculo e tendao nivel quadril e coxa
S77,,S77   Lesao p/esmag do quadril e da coxa
S78,,S78   Amput traum do quadril e da coxa
S79,,S79   Outr traum e os NE do quadril e da coxa
S80,,S80   Traum superf da perna
S81,,S81   Ferim da perna
S82,,S82   Frat da perna incl tornozelo
S83,,S83   Luxacao entorse distensao art lig joelho
S84,,S84   Traum de nervos perifericos da perna
S85,,S85   Traum de vasos sanguineos da perna
S86,,S86   Traum de musculo e de tendao ao nivel perna
S87,,S87   Traum p/esmag da perna
S88,,S88   Amput traum da perna
S89,,S89   Outr traum e os NE da perna
S90,,S90   Traum superf do tornozelo e do pe
S91,,S91   Ferim do tornozelo e do pe
S92,,S92   Frat do pe
S93,,S93   Luxac entors distens artic lig niv tornoz pe
S94,,S94   Traum dos nervos ao nivel do tornozelo e pe
S95,,S95   Traum vasos sanguineos nivel tornozelo e pe
S96,,S96   Traum musculo e tendao nivel tornozelo e pe
S97,,S97   Lesao p/esmag do tornozelo e do pe
S98,,S98   Amput traum do tornozelo e do pe
S99,,S99   Outr traum e os NE do tornozelo e do pe
T00,,T00   Traum superf envolv mult regioes corpo
T01,,T01   Ferim envolv mult regioes do corpo
T02,,T02   Frat envolv mult regioes do corpo
T03,,T03   Luxac entors distens envolv reg mult corpo
T04,,T04   Traum p/esmag envolv mult regioes do corpo
T05,,T05   Amput traum envolv mult regioes do corpo
T06,,T06   Outr traum envolv regioes mult do corpo NCOP
T07,,T07   Traum mult NE
T08,,T08   Frat da coluna nivel NE
T09,,T09   Outr traum de coluna e tronco nivel NE
T10,,T10   Frat do membro super nivel NE
T11,,T11   Outr traum de membro super nivel NE
T12,,T12   Frat do membro infer nivel NE
T13,,T13   Outr traum de membro infer nivel NE
T14,,T14   Traum de regiao NE do corpo
T15,,T15   Corpo estranho na parte externa do olho
T16,,T16   Corpo estranho no ouvido
T17,,T17   Corpo estranho no trato respirat
T18,,T18   Corpo estranho no aparelho digestivo
T19,,T19   Corpo estranho no trato geniturinario
T20,,T20   Queim e corrosao da cabeca e pescoco
T21,,T21   Queim e corrosao do tronco
T22,,T22   Queim corrosao ombro membr sup exc punho mao
T23,,T23   Queim e corrosao do punho e da mao
T24,,T24   Queim corros quadr membro inf exc tornoz pe
T25,,T25   Queim e corrosao do tornozelo e do pe
T26,,T26   Queim e corrosao limitadas ao olho e anexos
T27,,T27   Queim e corrosao do trato respirat
T28,,T28   Queim e corrosao de outr orgaos internos
T29,,T29   Queim e corrosoes de mult regioes do corpo
T30,,T30   Queim e corrosao parte NE do corpo
T31,,T31   Queim classif seg ext superf corporal ating
T32,,T32   Corrosoes classif seg ext superf corp ating
T33,,T33   Geladura superf
T34,,T34   Geladura c/necrose de tec
T35,,T35   Geladura de mult partes do corpo e das NE
T36,,T36   Intox p/antibioticos sistemicos
T37,,T37   Intox outr subst antiinfecc antiparasit sist
T38,,T38   Intox p/hormonios seus subst sint antag NCOP
T39,,T39   Intox analges antipiret anti-reumat n-opiac
T40,,T40   Intox p/narcoticos e psicodislepticos
T41,,T41   Intox p/anestesicos e gases terapeuticos
T42,,T42   Intox antiepilept sedativ-hipnot antiparkins
T43,,T43   Intox p/drogas psicotropicas NCOP
T44,,T44   Intox p/drog q afet princ sist nerv autonomo
T45,,T45   Intox subst acao ess sist subst hematol NCOP
T46,,T46   Intox subst que atuam prim sobre ap circul
T47,,T47   Intox p/subst que atuam prim s/ap gastroint
T48,,T48   Intox subst q at prim musc lisos esq ap resp
T49,,T49   Int subs uso top pel muc med ut oft otor odo
T50,,T50   Intox diuret out drog medic subst biolog NE
T51,,T51   Efeito toxico do alcool
T52,,T52   Efeito toxico de solventes organicos
T53,,T53   Efeito tox deriv halog hidrocarb alif aromat
T54,,T54   Efeito toxico de corrosivos
T55,,T55   Efeito toxico de saboes e detergentes
T56,,T56   Efeito toxico de metais
T57,,T57   Efeito toxico de outr subst inorganicas
T58,,T58   Efeito toxico de monoxido de carbono
T59,,T59   Efeito toxico de outr gases fumacas vapores
T60,,T60   Efeito toxico de pesticidas
T61,,T61   Efeito tox subst nocivas cons como fruto mar
T62,,T62   Efeito tox outr subst noc inger como aliment
T63,,T63   Efeito toxico de contato c/animais venenosos
T64,,T64   Efeito tox aflatox outr micotox contam alim
T65,,T65   Efeito toxico de outr subst e as NE
T66,,T66   Efeitos NE de radiacao
T67,,T67   Efeitos do calor e da luz
T68,,T68   Hipotermia
T69,,T69   Outr efeitos da temperatura reduzida
T70,,T70   Efeitos pressao atmosferica e pressao agua
T71,,T71   Asfixia
T73,,T73   Efeitos de outr privacoes
T74,,T74   Sindr de maus tratos
T75,,T75   Efeitos de outr causas externas
T78,,T78   Efeitos adversos NCOP
T79,,T79   Algumas complic precoces dos traum NCOP
T80,,T80   Complic conseq infus transfus injecao terap
T81,,T81   Complic de proced NCOP
T82,,T82   Complic disp prot impl enxert card e vasc
T83,,T83   Complic disp prot impl enx geniturin int
T84,,T84   Complic disp prot impl enx ortopedicos int
T85,,T85   Complic outr disp proteticos impl enx int
T86,,T86   Falha rejeicao orgaos e tec transplantados
T87,,T87   Complic proprias de reimplante e amput
T88,,T88   Outr complic cuidados medicos cirurg NCOP
T90,,T90   Sequelas de traum da cabeca
T91,,T91   Sequelas de traum do pescoco e do tronco
T92,,T92   Sequelas de traum do membro super
T93,,T93   Sequelas de traum do membro infer
T94,,T94   Sequelas traum envolv mult reg corpo e NE
T95,,T95   Sequelas de queim corrosoes e geladuras
T96,,T96   Sequelas intox drog medic subst biolog
T97,,T97   Sequelas efeit tox subst orig pred nao-medic
T98,,T98   Sequelas outr efeitos causas externas e NE
V01,,V01   Pedestre traum colis veic a pedal
V02,,V02   Pedestre traum colis veic motor 2 3 rodas
V03,,V03   Pedestre traum colis automov pickup caminhon
V04,,V04   Pedestre traum colis veic transp pesado onib
V05,,V05   Pedestre traum colis trem veic ferroviario
V06,,V06   Pedestre traum colis outr veic nao-motoriz
V09,,V09   Pedestre traum outr acid transp e NE
V10,,V10   Ciclista traum colis pedestre animal
V11,,V11   Ciclista traum colis outr veic a pedal
V12,,V12   Ciclista traum colis veic motor 2 3 rodas
V13,,V13   Ciclista traum colis automov pickup caminhon
V14,,V14   Ciclis traum colis veic transp pesado onibus
V15,,V15   Ciclista traum colis trem veic ferroviario
V16,,V16   Ciclista traum colis outr veic nao-motoriz
V17,,V17   Ciclista traum colis objeto fixo ou parado
V18,,V18   Ciclista traum acid transp s/colis
V19,,V19   Ciclista traum acid transp e NE
V20,,V20   Motociclista traum colis pedestre animal
V21,,V21   Motociclista traum colis veic pedal
V22,,V22   Motocicl traum colis veic motor 2 3 rodas
V23,,V23   Motocicl traum colis automov pickup caminhon
V24,,V24   Motocicl traum colis veic transp pesado onib
V25,,V25   Motociclista traum colis trem veic ferrov
V26,,V26   Motocicl traum colis outr veic nao-motoriz
V27,,V27   Motocicl traum colis objeto fixo parado
V28,,V28   Motociclista traum acid transp s/colis
V29,,V29   Motociclista traum outr acid transp e NE
V30,,V30   Ocup tricicl mot traum colis pedestre animal
V31,,V31   Ocup tricicl motoriz traum colis veic pedal
V32,,V32   Ocup tric mot traum col out veic mot 2 3 rod
V33,,V33   Ocup tric mot traum col auto pickup caminhon
V34,,V34   Ocup tric mot traum col veic transp pes onib
V35,,V35   Ocup tricic mot traum colis trem veic ferrov
V36,,V36   Ocup tric mot traum colis outr veic n-motor
V37,,V37   Ocup tricic mot traum colis obj fixo parado
V38,,V38   Ocup tricic motor traum acid transp s/colis
V39,,V39   Ocup tricicl mot traum outr acid transp e NE
V40,,V40   Ocup automovel traum colis pedestre animal
V41,,V41   Ocup automovel traum colis veic a pedal
V42,,V42   Ocup autotraum colis outr veic mot 2 3 rodas
V43,,V43   Ocup automov traum col auto pickup caminhon
V44,,V44   Ocup autom traum colis veic trans pesad onib
V45,,V45   Ocup automovel traum colis trem veic ferrov
V46,,V46   Ocup automov traum colis outr veic n-motor
V47,,V47   Ocup automovel traum colis obj fixo parado
V48,,V48   Ocup automovel traum acid transp s/colis
V49,,V49   Ocup automovel traum outr acid transp e NE
V50,,V50   Ocup caminhonete traum colis pedestre animal
V51,,V51   Ocup caminhonete traum colis veic pedal
V52,,V52   Ocup caminhon traum colis veic mot 2 3 rodas
V53,,V53   Ocup caminhon traum colis automov caminhon
V54,,V54   Ocup caminhon traum col veic transp pes onib
V55,,V55   Ocup caminhon traum colis trem veic ferrov
V56,,V56   Ocup caminhonete traum colis outr veic n-mot
V57,,V57   Ocup caminhonete traum colis obj fixo parado
V58,,V58   Ocup caminhonete traum acid transp s/colis
V59,,V59   Ocup caminhonete traum outr acid transp NE
V60,,V60   Ocup veic transp pesado traum colis ped anim
V61,,V61   Ocup veic transp pesado traum col veic pedal
V62,,V62   Ocup v transp pes traum col veic mot 2 3 rod
V63,,V63   Ocup veic tr pesado traum col auto caminhon
V64,,V64   Ocup v tr pes tr col outr veic tr pes onib
V65,,V65   Ocup veic tr pes traum col trem veic ferrov
V66,,V66   Ocup veic tr pesado traum col out veic n-mot
V67,,V67   Ocup veic tr pesado traum col obj fixo parad
V68,,V68   Ocup veic tr pesado traum ac transp s/colis
V69,,V69   Ocup veic tr pesado traum outr ac transp NE
V70,,V70   Ocup onibus traum colis pedestre animal
V71,,V71   Ocup onibus traum colis veic a pedal
V72,,V72   Ocup onibus traum col out veic mot 2 3 rodas
V73,,V73   Ocup onibus traum colis automovel caminhonet
V74,,V74   Ocup onibus traum colis veic transp pes onib
V75,,V75   Ocup onibus traum colis trem veic ferrov
V76,,V76   Ocup onibus traum colis outr veic n-motor
V77,,V77   Ocup onibus traum colis objeto fixo parado
V78,,V78   Ocup onibus traum acid transp s/colis
V79,,V79   Ocup onibus traum outr acid transp e NE
V80,,V80   Pess mont anim oc veic anim traum ac transp
V81,,V81   Ocup trem veic ferroviario traum acid transp
V82,,V82   Ocup de um bonde traum acid transp
V83,,V83   Ocup veic esp mot area ind traum ac transp
V84,,V84   Ocup veic esp mot uso agric traum acid trans
V85,,V85   Ocup veic mot esp constr traum acid tansp
V86,,V86   Ocup veic outr uso n-via pub traum ac transp
V87,,V87   Acid trans tipo espec desconh mod transp vit
V88,,V88   Ac n-trans tipo espec desconh mod transp vit
V89,,V89   Acid veic mot n-mot tipos de veic NE
V90,,V90   Acid embarcacao caus afogamento submersao
V91,,V91   Acid embarcacao causando outr tipo de traum
V92,,V92   Afog submers rel transp agua s/acid embarc
V93,,V93   Acid bord emb s/ac bem n caus afog submers
V94,,V94   Outr acid transp p/agua e os NE
V95,,V95   Acid de aeronave mot causando traum ao ocup
V96,,V96   Acid aeronave s/motor causando traum a ocup
V97,,V97   Outr acid espec de transporte aereo
V98,,V98   Outr acid transp espec
V99,,V99   Acid transp NE
W00,,W00   Queda mesmo nivel envolv gelo e neve
W01,,W01   Queda mesmo nivel escorr tropec passo falso
W02,,W02   Queda env patins rodas gelo esqui pranch rod
W03,,W03   Outr qued mesmo niv colis empurrao outr pess
W04,,W04   Queda enquanto carreg apoiado p/outr pessoas
W05,,W05   Queda envolv uma cadeira de rodas
W06,,W06   Queda de um leito
W07,,W07   Queda de uma cadeira
W08,,W08   Queda de outr tipo de mobilia
W09,,W09   Queda envolv equipamento de playground
W10,,W10   Queda em ou de escadas ou degraus
W11,,W11   Queda em ou de escadas de mao
W12,,W12   Queda em ou de um andaime
W13,,W13   Queda de ou p/fora edificios outr estruturas
W14,,W14   Queda de arvore
W15,,W15   Queda de penhasco
W16,,W16   Merg pulo agua caus out traum n afog submers
W17,,W17   Outr quedas de um nivel a outr
W18,,W18   Outr quedas no mesmo nivel
W19,,W19   Queda s/especificacao
W20,,W20   Impacto caus objeto lanc projetado em queda
W21,,W21   Impacto acid ativo passivo caus equip esport
W22,,W22   Impacto acid ativo passivo caus outr objetos
W23,,W23   Apert colhid comprim esmag dentro objetos
W24,,W24   Contato elevadores instr de transm NCOP
W25,,W25   Contato c/vidro cortante
W26,,W26   Contato c/faca espada e punhal
W27,,W27   Contato c/ferramentas manuais s/motor
W28,,W28   Contato segadeira mot p/cortar aparar grama
W29,,W29   Contat out utens manuais ap domest equip mot
W30,,W30   Contato c/maquinaria agricola
W31,,W31   Contato c/outr maquinas e c/as NE
W32,,W32   Projetil de revolver
W33,,W33   Rifle espingarda armas fogo de maior tamanho
W34,,W34   Projeteis de outr armas de fogo e das NE
W35,,W35   Explosao ou ruptura de caldeira
W36,,W36   Explosao ou ruptura de cilindro de gas
W37,,W37   Explosao ruptura pneumat tubulac mang press
W38,,W38   Explosao ruptura outr ap pressurizados espec
W39,,W39   Queima de fogos de artificio
W40,,W40   Explosao de outr materiais
W41,,W41   Exposicao a um jato de alta pressao
W42,,W42   Exposicao ao ruido
W43,,W43   Exposicao a vibracao
W44,,W44   Penetr corpo estranho olho orificio natural
W45,,W45   Penetracao corpo objeto estranho pele
W49,,W49   Exposicao outr forcas mecan inanimadas e NE
W50,,W50   Golpe panc pontape mord escor infl outr pess
W51,,W51   Colis entre duas pessoas
W52,,W52   Esmag empurr pisot multidao deband massa
W53,,W53   Mordedura de rato
W54,,W54   Mordedura ou golpe provocado p/cao
W55,,W55   Mordedura golpe provoc outr animais mamif
W56,,W56   Contato c/animais marinhos
W57,,W57   Morded picadas inseto outr artrop n-venen
W58,,W58   Mordedura golpe provoc crocodilo ou aligator
W59,,W59   Mordedura ou esmag provocado p/outr repteis
W60,,W60   Contato espinhos plantas ou folhas agucadas
W64,,W64   Exposicao outr forcas mecan animadas e as NE
W65,,W65   Afogamento submersao durante banho banheira
W66,,W66   Afogamento submersao consec queda banheira
W67,,W67   Afogamento e submersao em piscina
W68,,W68   Afogamento submersao conseq queda piscina
W69,,W69   Afogamento e submersao em aguas naturais
W70,,W70   Afogamento submersao conseq queda aguas nat
W73,,W73   Outr afogamentos e submersao espec
W74,,W74   Afogamento e submersao NE
W75,,W75   Sufocacao e estrangulamento acid na cama
W76,,W76   Outr enforcamento e estrangulamento acid
W77,,W77   Risco resp dev desmor queda terra outr subst
W78,,W78   Inalacao do conteudo gastrico
W79,,W79   Inalacao ingest aliment caus obstr trat resp
W80,,W80   Inalac ingest outr obj caus obstr trat resp
W81,,W81   Confinado aprision ambiente pobre oxigenio
W83,,W83   Outr riscos espec a respiracao
W84,,W84   Riscos NE a respiracao
W85,,W85   Exposicao linhas transm de corrente eletrica
W86,,W86   Exposicao a outr corrente eletrica espec
W87,,W87   Exposicao a corrente eletrica NE
W88,,W88   Exposicao a radiacao ionizante
W89,,W89   Expos fontes lumin artif visiv luz ultraviol
W90,,W90   Exposicao outr tipos radiacao nao-ionizante
W91,,W91   Exposicao a tipo NE de radiacao
W92,,W92   Exposicao calor excessivo orig artificial
W93,,W93   Exposicao frio excessivo orig artificial
W94,,W94   Expos alta baixa variacoes pressao atmosf
W99,,W99   Exposicao outr fatores ambient artif e NE
X00,,X00   Expos fogo n-contr edificio outr tipo constr
X01,,X01   Expos fogo n-contr fora edif out tipo constr
X02,,X02   Exposicao fogo contr edif outr tipo constr
X03,,X03   Expos fogo contr fora edif outr tipo constr
X04,,X04   Exposicao combustao subst muito inflamavel
X05,,X05   Exposicao a combustao de roupa de dormir
X06,,X06   Exposicao combustao outr tipo roupa acessor
X08,,X08   Exposicao outr tipo espec fumaca fogo chamas
X09,,X09   Exposicao a tipo NE de fumacas fogo chamas
X10,,X10   Contato bebid alim gord oleo cozinha quentes
X11,,X11   Contato c/agua corrente quente de torneira
X12,,X12   Contato c/outr liquidos quentes
X13,,X13   Contato c/vapor dagua e c/vapores quentes
X14,,X14   Contato c/ar e gases quentes
X15,,X15   Contato c/aparelhos domesticos quentes
X16,,X16   Contato c/aquecedores radiadores e tubulacao
X17,,X17   Contato motores maquinas ferramentos quentes
X18,,X18   Contato c/outr metais quentes
X19,,X19   Contato outr fontes calor subst quentes NE
X20,,X20   Contato c/serpentes e lagartos venenosos
X21,,X21   Contato c/aranhas venenosas
X22,,X22   Contato c/escorpioes
X23,,X23   Contato c/abelhas vespas e vespoes
X24,,X24   Contato c/centopeias e miriapodes venenosas
X25,,X25   Contato c/outr artropodes venenosos espec
X26,,X26   Contato animais e plantas marinhos venenosos
X27,,X27   Contato c/outr animais venenosos espec
X28,,X28   Contato c/outr plantas venenosas espec
X29,,X29   Contato animais ou plantas venenosos s/espec
X30,,X30   Exposicao a calor natural excessivo
X31,,X31   Exposicao a frio natural excessivo
X32,,X32   Exposicao a luz solar
X33,,X33   Vitima de raio
X34,,X34   Vitima de terremoto
X35,,X35   Vitima de erupcao vulcanica
X36,,X36   Vitima avalanc desab terra out mov sup terr
X37,,X37   Vitima de tempestade cataclismica
X38,,X38   Vitima de inundacao
X39,,X39   Exposicao a outr forcas da natureza e as NE
X40,,X40   Envenen acid analg antipir anti-reum n-opiac
X41,,X41   Env ac anticon sed hipn antipark psicot NCOP
X42,,X42   Envenen acid narcot psicodislepticos NCOP
X43,,X43   Envenen acid outr subst farm sist nerv auton
X44,,X44   Envenen acid outr drog medic subst biolog NE
X45,,X45   Envenen acid p/e exposicao ao alcool
X46,,X46   Envenen acid solv org hidrocarb halog vapor
X47,,X47   Intox acid outr gases e vapores
X48,,X48   Envenen acid p/e exposicao a pesticidas
X49,,X49   Envenen acid outr subst quim nocivas e as NE
X50,,X50   Excesso exerc movim vigorosos ou repetitivos
X51,,X51   Viagem e movimento
X52,,X52   Estadia prolongada ambiente agravitacional
X53,,X53   Falta de alimento
X54,,X54   Falta de agua
X57,,X57   Privacao NE
X58,,X58   Exposicao a outr fatores espec
X59,,X59   Exposicao a fatores NE
X60,,X60   Auto-int int analg antipir anti-reum n-opiac
X61,,X61   Auto-int int a-conv sed hip a-park psic NCOP
X62,,X62   Auto-intox intenc narcot psicodislept NCOP
X63,,X63   Auto-int int outr subst farm sist nerv auton
X64,,X64   Auto-int intenc out drog med subst biolog NE
X65,,X65   Auto-intox voluntaria p/alcool
X66,,X66   Auto-int int solv org hidrocarb halog vapor
X67,,X67   Auto-intox intenc p/outr gases e vapores
X68,,X68   Auto-intox intenc a pesticidas
X69,,X69   Auto-int intenc outr prod quim subst noc NE
X70,,X70   Lesao autoprov intenc enforc estrang sufoc
X71,,X71   Lesao autoprov intenc p/afogamento submersao
X72,,X72   Lesao autoprov intenc disp arma fogo de mao
X73,,X73   Les autoprov int disp arm fog maior calibre
X74,,X74   Lesao autopr intenc disp outr arma fogo e NE
X75,,X75   Lesao autoprov intenc p/disp explosivos
X76,,X76   Lesao autoprov intenc fumaca fogo e chamas
X77,,X77   Lesao autopr int vapor agua gas  obj quent
X78,,X78   Lesao autoprov intenc obj cortante  penetr
X79,,X79   Lesao autoprov intenc p/objeto contundente
X80,,X80   Lesao autoprov intenc precip lugar elevado
X81,,X81   Lesao autoprov intenc precip perm obj movim
X82,,X82   Lesao autoprov intenc impacto veic a motor
X83,,X83   Lesao autoprov intenc p/outr meios espec
X84,,X84   Lesao autoprov intenc p/meios NE
X85,,X85   Agressao meio drog medic e subst biologicas
X86,,X86   Agressao p/meio de subst corrosivas
X87,,X87   Agressao p/pesticidas
X88,,X88   Agressao p/meio de gases e vapores
X89,,X89   Agressao outr prod quim subst nocivas espec
X90,,X90   Agressao prod quimicos e subst nocivas NE
X91,,X91   Agressao enforc estrangulamento sufocacao
X92,,X92   Agressao p/meio de afogamento e submersao
X93,,X93   Agressao disparo de arma de fogo de mao
X94,,X94   Agressao disparo arma fogo de maior calibre
X95,,X95   Agressao disparo outr arma de fogo ou NE
X96,,X96   Agressao p/meio de material explosivo
X97,,X97   Agressao p/meio de fumaca fogo e chamas
X98,,X98   Agressao vapor agua gases ou objetos quentes
X99,,X99   Agressao objeto cortante ou penetrante
Y00,,Y00   Agressao p/meio de um objeto contundente
Y01,,Y01   Agressao p/meio projecao de um lugar elevado
Y02,,Y02   Agressao proj coloc vitima obj movimento
Y03,,Y03   Agressao p/meio de impacto veic a motor
Y04,,Y04   Agressao p/meio de forca corporal
Y05,,Y05   Agressao sexual p/meio de forca fisica
Y06,,Y06   Negligencia e abandono
Y07,,Y07   Outr sindr de maus tratos
Y08,,Y08   Agressao p/outr meios espec
Y09,,Y09   Agressao p/meios NE
Y10,,Y10   Env analg antipir antireum n-opiac int n det
Y11,,Y11   Env antic sed hipn antip psic NCOP int n det
Y12,,Y12   Envenen narcot psicodislept NCOP int n det
Y13,,Y13   Env out subst farm sist nerv auton int n det
Y14,,Y14   Env out drog med subst biolog e NE int n det
Y15,,Y15   Envenen alcool intencao nao determinada
Y16,,Y16   Env solv org hidrocarb halog vap int n det
Y17,,Y17   Envenen outr gases vapores intenc n det
Y18,,Y18   Envenen pesticidas intencao nao determinada
Y19,,Y19   Env out prod quim subst noc e NE int n det
Y20,,Y20   Enforc estrang sufoc intenc nao determinada
Y21,,Y21   Afogamento submersao intenc nao determinada
Y22,,Y22   Disparo de pistola intencao nao determinada
Y23,,Y23   Disparo arma fogo maior calibre intenc n det
Y24,,Y24   Disparo outr arma fogo e NE intenc nao det
Y25,,Y25   Contato c/material explosivo intenc n det
Y26,,Y26   Exposicao fumaca fogo chamas intenc n det
Y27,,Y27   Exposic vapor agua gas obj quente int n det
Y28,,Y28   Contato obj cortante penetrante intenc n det
Y29,,Y29   Contato obj contundente intenc n det
Y30,,Y30   Queda salto empurr lugar elev intenc n det
Y31,,Y31   Queda perman corrida obj mov intenc n det
Y32,,Y32   Impacto veic a motor intenc nao determinada
Y33,,Y33   Outr fatos ou eventos espec intenc n det
Y34,,Y34   Fatos ou eventos NE e intenc nao determinada
Y35,,Y35   Intervencao legal
Y36,,Y36   Operacoes de guerra
Y40,,Y40   Antibioticos sistemicos
Y41,,Y41   Outr antiinfecc e antiparasit sistemicos
Y42,,Y42   Hormonios subst sintet antagonistas NCOP
Y43,,Y43   Subst de acao prim sistemica
Y44,,Y44   Subst farm atuam prim s/constit sangue
Y45,,Y45   Subst analges antipiret e antiinflamatorias
Y46,,Y46   Drogas anticonvulsiv e antiparkinsonianas
Y47,,Y47   Sedativos hipnoticos e tranquilizantes
Y48,,Y48   Anestesicos e gases terapeuticos
Y49,,Y49   Subst psicotropicas NCOP
Y50,,Y50   Estimulantes do sist nervoso central NCOP
Y51,,Y51   Drogas que atuam prim s/sist nerv auton
Y52,,Y52   Subst que atuam prim aparelho cardiovascular
Y53,,Y53   Subst que atuam prim aparelho gastrointest
Y54,,Y54   Subst atuam prim metab agua sais min ac uric
Y55,,Y55   Subst atuam prim musc lisos esquelet ap resp
Y56,,Y56   Subst topic pele membr muc uso oft otor dent
Y57,,Y57   Outr drogas e medicamentos e as NE
Y58,,Y58   Vacinas bacter
Y59,,Y59   Outr vacinas e subst biologicas e as NE
Y60,,Y60   Cort punc perf hemorr acid cuid med cirurg
Y61,,Y61   Obj estranho deix acid prest cuid cirurg med
Y62,,Y62   Asseps insuf prest cuidados cirurg e medicos
Y63,,Y63   Erros dosagem prest cuidados med e cirurg
Y64,,Y64   Medicamentos ou subst biolog contaminados
Y65,,Y65   Outr acid durante prest cuid medic cirurg
Y66,,Y66   Nao admin de cuidado medico e cirurgico
Y69,,Y69   Acid NE durante prest cuidado medic cirurg
Y70,,Y70   Disp anestesiologia assoc incid adversos
Y71,,Y71   Disp cardiovasculares assoc incid adversos
Y72,,Y72   Disp utiliz otorrino assoc incid adversos
Y73,,Y73   Disp usados gastroent urolog assoc incid adv
Y74,,Y74   Disp gerais uso hosp pessoal assoc incid adv
Y75,,Y75   Disp utiliz neurolog assoc incid adversos
Y76,,Y76   Disp utiliz obstetr ginec assoc incid adv
Y77,,Y77   Disp utiliz oftalmo assoc incid adversos
Y78,,Y78   Disp utiliz radiologia assoc incid adversos
Y79,,Y79   Disp ortopedicos assoc a incidentes adversos
Y80,,Y80   Disp utiliz med fisica assoc incid adversos
Y81,,Y81   Disp util cirurg geral plast assoc incid adv
Y82,,Y82   Outr disp assoc incidentes adversos e os NE
Y83,,Y83   Reac anorm compl tard interv cirurg s/acid
Y84,,Y84   Reac anorm compl tard out proc med s/acid
Y85,,Y85   Sequelas de acid transp
Y86,,Y86   Sequelas de outr acid
Y87,,Y87   Seq lesao autopr inten agress fato int indet
Y88,,Y88   Sequelas cuid med cirurg consid causa ext
Y89,,Y89   Sequelas de outr causas externas
Y90,,Y90   Evidencia alcoolismo det p/taxas alcoolemia
Y91,,Y91   Evidencia alcoolismo determ p/nivel da intox
Y95,,Y95   Circunst relat condicoes nosocomiais
Y96,,Y96   Circunst relat condicoes de trabalho
Y97,,Y97   Circunst relat condicoes poluicao ambiental
Y98,,Y98   Circunst relat condicoes do modo de vida
Z00,,Z00   Exame geral invest pess s/queix diagn relat
Z01,,Z01   Outr exam invest esp pess s/queix diag relat
Z02,,Z02   Exame med e consulta c/finalid admin
Z03,,Z03   Observ avaliacao med doenc afecc suspeitas
Z04,,Z04   Exame e observacao p/outr razoes
Z08,,Z08   Exame seguim apos tratamento p/neopl malig
Z09,,Z09   Exame seguim apos trat out afec n neop malig
Z10,,Z10   Exame geral de rotina subpopulacao definida
Z11,,Z11   Exame esp rastr doenc infecc parasit
Z12,,Z12   Exame especial rastr de neoplasias
Z13,,Z13   Exame especial rastr de outr transt e doenc
Z20,,Z20   Contato exposicao a doenc transmissiveis
Z21,,Z21   Estado de infecc assintomatica p/HIV
Z22,,Z22   Portador de doenc infecc
Z23,,Z23   Necess imuniz contra unica doenc bacter
Z24,,Z24   Necess imuniz contra alg doenc virais unicas
Z25,,Z25   Necess imuniz contra outr doenc virais unic
Z26,,Z26   Necess imuniz outr doenc infecc unicas
Z27,,Z27   Necess imuniz assoc contra comb doenc infecc
Z28,,Z28   Imuniz nao realizada
Z29,,Z29   Necessidade de outr medidas profilaticas
Z30,,Z30   Anticoncepcao
Z31,,Z31   Medidas de procriacao
Z32,,Z32   Exame ou teste de gravidez
Z33,,Z33   Gravidez como achado casual
Z34,,Z34   Supervisao de gravidez normal
Z35,,Z35   Supervisao de gravidez de alto risco
Z36,,Z36   Rastr pre-natal
Z37,,Z37   Resultado do parto
Z38,,Z38   Nascidos vivos segundo o local de nascimento
Z39,,Z39   Assist e exame pos-natal
Z40,,Z40   Cirurgia profilatica
Z41,,Z41   Proced p/outr propositos exc cuidados saude
Z42,,Z42   Seguimento envolv cirurgia plastica
Z43,,Z43   Atencao a orificios artificiais
Z44,,Z44   Coloc ajust aparelhos de protese externa
Z45,,Z45   Ajustamento e manuseio de disp implantado
Z46,,Z46   Colocacao e ajustamento de outr aparelhos
Z47,,Z47   Outr cuidados de seguimento ortopedico
Z48,,Z48   Outr seguimento cirurgico
Z49,,Z49   Cuidados envolv dialise
Z50,,Z50   Cuidados envolv uso proced de reabilitacao
Z51,,Z51   Outr cuidados medicos
Z52,,Z52   Doadores de orgaos e tec
Z53,,Z53   Pessoas cont serv saude proced esp n realiz
Z54,,Z54   Convalescenca
Z55,,Z55   Problemas relac educacao e alfabetizacao
Z56,,Z56   Problemas relacionados emprego e desemprego
Z57,,Z57   Exposicao ocupacional a fatores de risco
Z58,,Z58   Problemas relacionados c/o ambiente fisico
Z59,,Z59   Probl relac habitacao e  cond economicas
Z60,,Z60   Problemas relacionados c/o meio social
Z61,,Z61   Problemas relac eventos negat vida infancia
Z62,,Z62   Outr probl relac c/a educacao da crianca
Z63,,Z63   Outr probl rel grupo prim apoio incl sit fam
Z64,,Z64   Problemas relac algumas outr circ psicossoc
Z65,,Z65   Probl relac outr circunstancias psicossoc
Z70,,Z70   Aconselh relat atit comport orient sexualid
Z71,,Z71   Pess cont serv saud outr acons cons med NCOP
Z72,,Z72   Problemas relacionados c/o estilo de vida
Z73,,Z73   Problemas relacionados c/a organiz modo vida
Z74,,Z74   Probl relac depend pess q oferece cuid saude
Z75,,Z75   Probl relac facilid medic outr cuid saude
Z76,,Z76   Pessoas cont serv saude em outr circunst
Z80,,Z80   Historia familiar de neopl malig
Z81,,Z81   Historia familiar transt mentais e comport
Z82,,Z82   Hist fam alg incap doenc cron incapacitacao
Z83,,Z83   Historia familiar de outr transt especificos
Z84,,Z84   Historia familiar de outr afeccoes
Z85,,Z85   Historia pessoal de neopl malig
Z86,,Z86   Historia pessoal de algumas outr doenc
Z87,,Z87   Historia pessoal de outr doenc e afeccoes
Z88,,Z88   Hist pess alergia drog medic subst biolog
Z89,,Z89   Ausencia adquir de membros
Z90,,Z90   Ausencia adquir de orgaos NCOP
Z91,,Z91   Historia pessoal de fatores de risco NCOP
Z92,,Z92   Historia pessoal de tratamento medico
Z93,,Z93   Orificios artificiais
Z94,,Z94   Orgaos e tec transplantados
Z95,,Z95   Presenca implantes enxertos cardiacos vasc
Z96,,Z96   Presenca de outr implantes funcionais
Z97,,Z97   Presenca de outr disp proteticos
Z98,,Z98   Outr estados pos-cirurgicos
Z99,,Z99   Depend maquinas e disp capacitantes NCOP